Year,Month,DayofMonth,DayOfWeek,CRSDepTime,CRSArrTime,FlightNum,CRSElapsedTime,Origin,Dest,Distance,TaxiIn,TaxiOut,ArrDelay===y
2002,1,13,7,2235,2353,723,78,PIT,CLT,366,3,13,-11
2002,1,14,1,2235,2353,723,78,PIT,CLT,366,3,14,-6
2002,1,15,2,2235,2353,723,78,PIT,CLT,366,3,14,-11
2002,1,16,3,2235,2353,723,78,PIT,CLT,366,3,10,-13
2002,1,17,4,2235,2353,723,78,PIT,CLT,366,5,13,-8
2002,1,18,5,2235,2353,723,78,PIT,CLT,366,5,15,-7
2002,1,19,6,2235,2353,723,78,PIT,CLT,366,4,13,-6
2002,1,20,7,2235,2353,723,78,PIT,CLT,366,5,9,-7
2002,1,21,1,2235,2353,723,78,PIT,CLT,366,4,12,-12
2002,1,22,2,2235,2353,723,78,PIT,CLT,366,5,13,-2
2002,1,23,3,2235,2353,723,78,PIT,CLT,366,5,11,-7
2002,1,24,4,2235,2353,723,78,PIT,CLT,366,4,10,-4
2002,1,25,5,2235,2353,723,78,PIT,CLT,366,4,16,-13
2002,1,26,6,2235,2353,723,78,PIT,CLT,366,8,9,-14
2002,1,27,7,2235,2353,723,78,PIT,CLT,366,4,14,-12
2002,1,28,1,2235,2353,723,78,PIT,CLT,366,3,10,-15
2002,1,29,2,2235,2353,723,78,PIT,CLT,366,3,11,-16
2002,1,30,3,2235,2353,723,78,PIT,CLT,366,4,12,-12
2002,1,31,4,2235,2353,723,78,PIT,CLT,366,7,10,-4
2002,1,6,7,745,912,724,87,PHL,CLE,363,7,14,-6
2002,1,7,1,745,912,724,87,PHL,CLE,363,8,11,-8
2002,1,8,2,745,912,724,87,PHL,CLE,363,9,15,1
2002,1,9,3,745,912,724,87,PHL,CLE,363,6,15,2
2002,1,10,4,745,912,724,87,PHL,CLE,363,6,11,-2
2002,1,11,5,745,912,724,87,PHL,CLE,363,6,16,-1
2002,1,12,6,745,912,724,87,PHL,CLE,363,7,14,-7
2002,1,13,7,745,912,724,87,PHL,CLE,363,6,33,36
2002,1,14,1,745,912,724,87,PHL,CLE,363,7,31,27
2002,1,15,2,745,912,724,87,PHL,CLE,363,5,11,-6
2002,1,16,3,745,912,724,87,PHL,CLE,363,5,10,-7
2002,1,17,4,745,912,724,87,PHL,CLE,363,7,10,8
2002,1,18,5,745,912,724,87,PHL,CLE,363,6,11,5
2002,1,19,6,745,912,724,87,PHL,CLE,363,7,12,-2
2002,1,20,7,745,912,724,87,PHL,CLE,363,4,64,57
2002,1,21,1,745,912,724,87,PHL,CLE,363,10,27,27
2002,1,22,2,745,912,724,87,PHL,CLE,363,5,14,-1
2002,1,23,3,745,912,724,87,PHL,CLE,363,5,11,-4
2002,1,24,4,745,912,724,87,PHL,CLE,363,5,26,27
2002,1,25,5,745,912,724,87,PHL,CLE,363,6,12,-2
2002,1,26,6,745,912,724,87,PHL,CLE,363,7,15,-5
2002,1,27,7,745,912,724,87,PHL,CLE,363,4,10,-15
2002,1,28,1,745,912,724,87,PHL,CLE,363,7,15,-6
2002,1,29,2,745,912,724,87,PHL,CLE,363,6,18,-3
2002,1,30,3,745,912,724,87,PHL,CLE,363,4,13,-1
2002,1,31,4,745,912,724,87,PHL,CLE,363,5,11,1
2002,1,1,2,1620,1752,725,92,PIT,PVD,467,4,14,-1
2002,1,2,3,1620,1752,725,92,PIT,PVD,467,7,31,18
2002,1,3,4,1620,1752,725,92,PIT,PVD,467,4,10,-5
2002,1,4,5,1620,1752,725,92,PIT,PVD,467,4,8,58
2002,1,5,6,1620,1752,725,92,PIT,PVD,467,5,11,-16
2002,1,1,2,755,1040,726,105,STL,PIT,553,6,11,-22
2002,1,2,3,755,1040,726,105,STL,PIT,553,7,20,-17
2002,1,3,4,755,1040,726,105,STL,PIT,553,6,17,-6
2002,1,4,5,755,1040,726,105,STL,PIT,553,5,18,-9
2002,1,5,6,755,1040,726,105,STL,PIT,553,6,17,-13
2002,1,6,7,755,1037,726,102,STL,PIT,553,6,15,11
2002,1,8,2,755,1037,726,102,STL,PIT,553,9,26,16
2002,1,9,3,755,1037,726,102,STL,PIT,553,7,13,5
2002,1,10,4,755,1037,726,102,STL,PIT,553,6,19,-14
2002,1,11,5,755,1037,726,102,STL,PIT,553,7,25,-4
2002,1,12,6,755,1037,726,102,STL,PIT,553,6,17,-11
2002,1,13,7,755,1037,726,102,STL,PIT,553,5,19,-8
2002,1,14,1,755,1037,726,102,STL,PIT,553,6,17,-15
2002,1,15,2,755,1037,726,102,STL,PIT,553,5,13,-3
2002,1,16,3,755,1037,726,102,STL,PIT,553,4,28,-5
2002,1,17,4,755,1037,726,102,STL,PIT,553,7,17,-17
2002,1,18,5,755,1037,726,102,STL,PIT,553,9,22,-10
2002,1,19,6,755,1037,726,102,STL,PIT,553,10,19,-8
2002,1,20,7,755,1037,726,102,STL,PIT,553,8,12,-20
2002,1,21,1,755,1037,726,102,STL,PIT,553,7,27,7
2002,1,22,2,755,1037,726,102,STL,PIT,553,7,21,-5
2002,1,23,3,755,1037,726,102,STL,PIT,553,4,14,-19
2002,1,24,4,755,1037,726,102,STL,PIT,553,5,35,-1
2002,1,25,5,755,1037,726,102,STL,PIT,553,7,24,0
2002,1,26,6,755,1037,726,102,STL,PIT,553,7,17,-14
2002,1,27,7,755,1037,726,102,STL,PIT,553,7,10,-19
2002,1,28,1,755,1037,726,102,STL,PIT,553,6,25,5
2002,1,29,2,755,1037,726,102,STL,PIT,553,4,25,-6
2002,1,30,3,755,1037,726,102,STL,PIT,553,5,10,-26
2002,1,31,4,755,1037,726,102,STL,PIT,553,6,16,-15
2002,1,6,7,935,1118,728,103,CLT,BUF,546,7,14,-10
2002,1,7,1,935,1118,728,103,CLT,BUF,546,5,20,-3
2002,1,8,2,935,1118,728,103,CLT,BUF,546,3,22,-4
2002,1,9,3,935,1118,728,103,CLT,BUF,546,3,24,8
2002,1,10,4,935,1118,728,103,CLT,BUF,546,2,15,-5
2002,1,11,5,935,1118,728,103,CLT,BUF,546,2,20,-9
2002,1,12,6,935,1118,728,103,CLT,BUF,546,4,20,-5
2002,1,13,7,935,1118,728,103,CLT,BUF,546,3,19,-4
2002,1,14,1,935,1118,728,103,CLT,BUF,546,4,25,-3
2002,1,15,2,935,1118,728,103,CLT,BUF,546,2,27,0
2002,1,16,3,935,1118,728,103,CLT,BUF,546,3,20,-5
2002,1,17,4,935,1118,728,103,CLT,BUF,546,3,14,-5
2002,1,18,5,935,1118,728,103,CLT,BUF,546,4,26,8
2002,1,19,6,935,1118,728,103,CLT,BUF,546,2,28,8
2002,1,20,7,935,1118,728,103,CLT,BUF,546,3,20,-3
2002,1,21,1,935,1118,728,103,CLT,BUF,546,4,24,20
2002,1,22,2,935,1118,728,103,CLT,BUF,546,3,30,3
2002,1,23,3,935,1118,728,103,CLT,BUF,546,2,14,-11
2002,1,24,4,935,1118,728,103,CLT,BUF,546,5,26,-2
2002,2,23,6,930,1105,704,95,CLT,PHL,448,4,18,-7
2002,2,24,7,930,1105,704,95,CLT,PHL,448,6,19,1
2002,2,25,1,930,1105,704,95,CLT,PHL,448,3,17,-11
2002,2,26,2,930,1105,704,95,CLT,PHL,448,3,14,-16
2002,2,27,3,930,1105,704,95,CLT,PHL,448,8,13,-15
2002,2,28,4,930,1105,704,95,CLT,PHL,448,3,13,-19
2002,2,2,6,655,816,705,81,ALB,PIT,367,9,12,9
2002,2,3,7,655,816,705,81,ALB,PIT,367,10,8,2
2002,2,4,1,655,816,705,81,ALB,PIT,367,8,11,9
2002,2,5,2,655,816,705,81,ALB,PIT,367,6,11,-1
2002,2,6,3,655,816,705,81,ALB,PIT,367,7,29,22
2002,2,7,4,655,816,705,81,ALB,PIT,367,8,11,-2
2002,2,8,5,655,816,705,81,ALB,PIT,367,9,17,9
2002,2,9,6,655,816,705,81,ALB,PIT,367,9,13,0
2002,2,10,7,655,816,705,81,ALB,PIT,367,4,8,-8
2002,2,11,1,655,816,705,81,ALB,PIT,367,8,29,21
2002,2,12,2,655,816,705,81,ALB,PIT,367,8,19,32
2002,2,13,3,655,816,705,81,ALB,PIT,367,6,17,37
2002,2,14,4,655,816,705,81,ALB,PIT,367,10,13,9
2002,2,15,5,655,816,705,81,ALB,PIT,367,5,9,-4
2002,2,16,6,655,816,705,81,ALB,PIT,367,8,9,-8
2002,2,17,7,655,816,705,81,ALB,PIT,367,5,9,22
2002,2,18,1,655,816,705,81,ALB,PIT,367,8,10,-2
2002,2,19,2,655,816,705,81,ALB,PIT,367,5,14,10
2002,2,20,3,655,816,705,81,ALB,PIT,367,6,10,6
2002,2,21,4,655,816,705,81,ALB,PIT,367,6,12,18
2002,2,22,5,655,816,705,81,ALB,PIT,367,9,13,-1
2002,2,23,6,655,816,705,81,ALB,PIT,367,7,11,-13
2002,2,24,7,655,816,705,81,ALB,PIT,367,6,11,-6
2002,2,25,1,655,816,705,81,ALB,PIT,367,7,12,-4
2002,2,26,2,655,816,705,81,ALB,PIT,367,7,9,4
2002,2,27,3,655,816,705,81,ALB,PIT,367,6,10,5
2002,2,28,4,655,816,705,81,ALB,PIT,367,11,17,6
2002,2,1,5,910,1004,705,114,PIT,STL,553,11,19,16
2002,2,2,6,910,1004,705,114,PIT,STL,553,12,14,13
2002,2,3,7,910,1004,705,114,PIT,STL,553,5,13,8
2002,2,4,1,910,1004,705,114,PIT,STL,553,3,21,68
2002,2,5,2,910,1004,705,114,PIT,STL,553,7,23,0
2002,2,6,3,910,1004,705,114,PIT,STL,553,13,11,-7
2002,2,7,4,910,1004,705,114,PIT,STL,553,5,12,6
2002,2,8,5,910,1004,705,114,PIT,STL,553,8,13,-14
2002,2,9,6,910,1004,705,114,PIT,STL,553,10,12,-13
2002,2,10,7,910,1004,705,114,PIT,STL,553,10,16,-4
2002,2,11,1,910,1004,705,114,PIT,STL,553,5,19,11
2002,2,12,2,910,1004,705,114,PIT,STL,553,5,43,54
2002,2,13,3,910,1004,705,114,PIT,STL,553,7,14,8
2002,2,14,4,910,1004,705,114,PIT,STL,553,6,15,-16
2002,2,15,5,910,1004,705,114,PIT,STL,553,6,12,-10
2002,2,16,6,910,1004,705,114,PIT,STL,553,9,12,-10
2002,2,17,7,910,1004,705,114,PIT,STL,553,11,12,-2
2002,2,18,1,910,1004,705,114,PIT,STL,553,12,12,-7
2002,2,19,2,910,1004,705,114,PIT,STL,553,9,17,8
2002,2,20,3,910,1004,705,114,PIT,STL,553,7,20,0
2002,2,21,4,910,1004,705,114,PIT,STL,553,14,19,7
2002,2,22,5,910,1004,705,114,PIT,STL,553,5,37,7
2002,2,23,6,910,1004,705,114,PIT,STL,553,14,13,-11
2002,2,24,7,910,1004,705,114,PIT,STL,553,15,13,-5
2002,2,25,1,910,1004,705,114,PIT,STL,553,5,25,4
2002,2,26,2,910,1004,705,114,PIT,STL,553,8,18,30
2002,2,27,3,910,1004,705,114,PIT,STL,553,5,25,-4
2002,2,28,4,910,1004,705,114,PIT,STL,553,3,16,-17
2002,2,1,5,1600,1713,706,73,IND,PIT,325,7,11,10
2002,2,4,1,1559,1709,706,70,IND,PIT,325,6,14,13
2002,2,5,2,1559,1709,706,70,IND,PIT,325,7,9,0
2002,2,6,3,1559,1709,706,70,IND,PIT,325,5,9,-7
2002,2,7,4,1559,1709,706,70,IND,PIT,325,6,7,-7
2002,2,8,5,1559,1709,706,70,IND,PIT,325,4,9,9
2002,2,11,1,1559,1709,706,70,IND,PIT,325,3,9,67
2002,2,12,2,1559,1709,706,70,IND,PIT,325,6,12,6
2002,2,13,3,1559,1709,706,70,IND,PIT,325,4,10,-10
2002,2,14,4,1559,1709,706,70,IND,PIT,325,5,10,97
2002,2,15,5,1559,1709,706,70,IND,PIT,325,4,10,-7
2002,2,18,1,1559,1709,706,70,IND,PIT,325,5,9,3
2002,2,19,2,1559,1709,706,70,IND,PIT,325,4,8,-14
2002,2,20,3,1559,1709,706,70,IND,PIT,325,3,14,1
2002,2,21,4,1559,1709,706,70,IND,PIT,325,3,14,20
2002,2,22,5,1559,1709,706,70,IND,PIT,325,3,16,4
2002,2,25,1,1559,1709,706,70,IND,PIT,325,6,13,-9
2002,2,26,2,1559,1709,706,70,IND,PIT,325,6,9,-10
2002,2,27,3,1559,1709,706,70,IND,PIT,325,5,12,-4
2002,2,28,4,1559,1709,706,70,IND,PIT,325,3,9,19
2002,2,3,7,1000,1319,708,139,MSY,PIT,918,6,8,-15
2002,2,4,1,1000,1319,708,139,MSY,PIT,918,6,12,15
2002,2,5,2,1000,1319,708,139,MSY,PIT,918,8,17,7
2002,2,6,3,1000,1319,708,139,MSY,PIT,918,5,8,7
2002,2,7,4,1000,1319,708,139,MSY,PIT,918,7,11,12
2002,2,8,5,1000,1319,708,139,MSY,PIT,918,7,9,-14
2002,2,9,6,1000,1319,708,139,MSY,PIT,918,5,12,-6
2002,2,10,7,1000,1319,708,139,MSY,PIT,918,5,8,-20
2002,2,11,1,1000,1319,708,139,MSY,PIT,918,6,8,-1
2002,2,12,2,1000,1319,708,139,MSY,PIT,918,4,10,-21
2002,2,13,3,1000,1319,708,139,MSY,PIT,918,7,8,-14
2002,2,14,4,1000,1319,708,139,MSY,PIT,918,8,7,7
2002,2,15,5,1000,1319,708,139,MSY,PIT,918,5,14,-11
2002,2,16,6,1000,1319,708,139,MSY,PIT,918,6,8,11
2002,2,17,7,1000,1319,708,139,MSY,PIT,918,6,11,5
2002,2,18,1,1000,1319,708,139,MSY,PIT,918,6,7,0
2002,2,19,2,1000,1319,708,139,MSY,PIT,918,6,12,-7
2002,2,20,3,1000,1319,708,139,MSY,PIT,918,5,8,-8
2002,2,21,4,1000,1319,708,139,MSY,PIT,918,6,14,2
2002,3,2,6,1755,1847,621,52,BWI,PHL,90,5,9,-13
2002,3,3,7,1755,1847,621,52,BWI,PHL,90,3,8,3
2002,3,4,1,1755,1847,621,52,BWI,PHL,90,4,13,6
2002,3,5,2,1755,1847,621,52,BWI,PHL,90,4,16,-1
2002,3,6,3,1755,1847,621,52,BWI,PHL,90,3,33,19
2002,3,7,4,1755,1847,621,52,BWI,PHL,90,11,16,3
2002,3,8,5,1755,1847,621,52,BWI,PHL,90,4,17,7
2002,3,9,6,1755,1847,621,52,BWI,PHL,90,4,15,-10
2002,3,10,7,1755,1847,621,52,BWI,PHL,90,17,14,16
2002,3,11,1,1755,1847,621,52,BWI,PHL,90,4,9,39
2002,3,12,2,1755,1847,621,52,BWI,PHL,90,3,12,25
2002,3,13,3,1755,1847,621,52,BWI,PHL,90,9,20,54
2002,3,14,4,1755,1847,621,52,BWI,PHL,90,4,19,10
2002,3,15,5,1755,1847,621,52,BWI,PHL,90,7,18,-1
2002,3,16,6,1755,1847,621,52,BWI,PHL,90,6,14,-7
2002,3,17,7,1755,1847,621,52,BWI,PHL,90,16,25,52
2002,3,18,1,1755,1847,621,52,BWI,PHL,90,6,10,16
2002,3,19,2,1755,1847,621,52,BWI,PHL,90,4,13,-8
2002,3,20,3,1755,1847,621,52,BWI,PHL,90,3,25,50
2002,3,21,4,1755,1847,621,52,BWI,PHL,90,10,22,4
2002,3,22,5,1755,1847,621,52,BWI,PHL,90,3,8,49
2002,3,23,6,1755,1847,621,52,BWI,PHL,90,3,14,-9
2002,3,24,7,1755,1847,621,52,BWI,PHL,90,5,14,3
2002,3,25,1,1755,1847,621,52,BWI,PHL,90,7,12,-15
2002,3,26,2,1755,1847,621,52,BWI,PHL,90,9,16,52
2002,3,27,3,1755,1847,621,52,BWI,PHL,90,6,18,26
2002,3,28,4,1755,1847,621,52,BWI,PHL,90,4,10,-9
2002,3,29,5,1755,1847,621,52,BWI,PHL,90,4,13,-18
2002,3,30,6,1755,1847,621,52,BWI,PHL,90,2,9,-18
2002,3,31,7,1755,1847,621,52,BWI,PHL,90,14,11,135
2002,3,1,5,1945,2214,621,329,PHL,LAS,2176,5,17,2
2002,3,2,6,1945,2214,621,329,PHL,LAS,2176,4,18,-27
2002,3,3,7,1945,2214,621,329,PHL,LAS,2176,8,7,-33
2002,3,4,1,1945,2214,621,329,PHL,LAS,2176,8,30,14
2002,3,5,2,1945,2214,621,329,PHL,LAS,2176,8,13,-2
2002,3,6,3,1945,2214,621,329,PHL,LAS,2176,5,17,14
2002,3,7,4,1945,2214,621,329,PHL,LAS,2176,11,16,19
2002,3,8,5,1945,2214,621,329,PHL,LAS,2176,10,18,-11
2002,3,9,6,1945,2214,621,329,PHL,LAS,2176,11,10,0
2002,3,10,7,1945,2214,621,329,PHL,LAS,2176,8,12,21
2002,3,11,1,1945,2214,621,329,PHL,LAS,2176,12,44,60
2002,3,12,2,1945,2214,621,329,PHL,LAS,2176,7,26,23
2002,3,13,3,1945,2214,621,329,PHL,LAS,2176,8,22,51
2002,3,14,4,1945,2214,621,329,PHL,LAS,2176,5,30,40
2002,3,15,5,1945,2214,621,329,PHL,LAS,2176,7,21,33
2002,3,16,6,1945,2214,621,329,PHL,LAS,2176,8,17,32
2002,3,17,7,1945,2214,621,329,PHL,LAS,2176,36,18,134
2002,3,18,1,1945,2214,621,329,PHL,LAS,2176,6,18,21
2002,3,19,2,1945,2214,621,329,PHL,LAS,2176,8,25,19
2002,3,20,3,1945,2214,621,329,PHL,LAS,2176,9,14,60
2002,3,21,4,1945,2214,621,329,PHL,LAS,2176,9,17,31
2002,3,22,5,1945,2214,621,329,PHL,LAS,2176,8,16,59
2002,3,23,6,1945,2214,621,329,PHL,LAS,2176,6,11,13
2002,3,24,7,1945,2214,621,329,PHL,LAS,2176,6,12,6
2002,3,25,1,1945,2214,621,329,PHL,LAS,2176,8,31,39
2002,3,26,2,1945,2214,621,329,PHL,LAS,2176,7,85,125
2002,3,27,3,1945,2214,621,329,PHL,LAS,2176,7,30,41
2002,3,28,4,1945,2214,621,329,PHL,LAS,2176,6,17,-10
2002,3,29,5,1945,2214,621,329,PHL,LAS,2176,6,23,6
2002,3,30,6,1945,2214,621,329,PHL,LAS,2176,5,13,5
2002,3,31,7,1945,2214,621,329,PHL,LAS,2176,7,11,83
2002,3,1,5,2359,713,622,254,LAX,CLT,2125,4,9,16
2002,3,2,6,2359,713,622,254,LAX,CLT,2125,6,11,-13
2002,3,3,7,2359,713,622,254,LAX,CLT,2125,5,8,-2
2002,3,4,1,2359,713,622,254,LAX,CLT,2125,8,14,0
2002,3,5,2,2359,713,622,254,LAX,CLT,2125,11,6,-1
2002,3,6,3,2359,713,622,254,LAX,CLT,2125,8,10,-14
2002,3,7,4,2359,713,622,254,LAX,CLT,2125,6,10,10
2002,3,8,5,2359,713,622,254,LAX,CLT,2125,5,22,28
2002,3,9,6,2359,713,622,254,LAX,CLT,2125,4,13,10
2002,3,10,7,2359,713,622,254,LAX,CLT,2125,6,21,36
2002,3,11,1,2359,713,622,254,LAX,CLT,2125,8,14,17
2002,3,12,2,2359,713,622,254,LAX,CLT,2125,3,10,-1
2002,3,13,3,2359,713,622,254,LAX,CLT,2125,4,10,-7
2002,3,14,4,2359,713,622,254,LAX,CLT,2125,5,8,8
2002,3,15,5,2359,713,622,254,LAX,CLT,2125,4,9,-18
2002,3,16,6,2359,713,622,254,LAX,CLT,2125,8,19,10
2002,3,17,7,2359,713,622,254,LAX,CLT,2125,5,11,34
2002,3,18,1,2359,713,622,254,LAX,CLT,2125,5,15,23
2002,3,19,2,2359,713,622,254,LAX,CLT,2125,3,23,25
2002,3,20,3,2359,713,622,254,LAX,CLT,2125,3,17,6
2002,3,21,4,2359,713,622,254,LAX,CLT,2125,3,9,-7
2002,3,22,5,2359,713,622,254,LAX,CLT,2125,5,14,13
2002,3,23,6,2359,713,622,254,LAX,CLT,2125,9,12,2
2002,3,24,7,2359,713,622,254,LAX,CLT,2125,6,14,-15
2002,3,25,1,2359,713,622,254,LAX,CLT,2125,7,16,9
2002,3,26,2,2359,713,622,254,LAX,CLT,2125,5,12,-24
2002,3,27,3,2359,713,622,254,LAX,CLT,2125,4,7,-7
2002,3,28,4,2359,713,622,254,LAX,CLT,2125,5,26,20
2002,3,29,5,2359,713,622,254,LAX,CLT,2125,6,14,6
2002,3,30,6,2359,713,622,254,LAX,CLT,2125,6,11,7
2002,3,31,7,2359,713,622,254,LAX,CLT,2125,4,11,45
2002,3,3,7,1550,1658,623,68,PHL,BDL,196,2,15,7
2002,3,4,1,605,832,624,87,ORD,PIT,412,6,9,-8
2002,3,5,2,605,832,624,87,ORD,PIT,412,5,9,0
2002,3,6,3,605,832,624,87,ORD,PIT,412,7,14,-11
2002,3,7,4,605,832,624,87,ORD,PIT,412,7,19,8
2002,3,8,5,605,832,624,87,ORD,PIT,412,4,15,0
2002,3,11,1,605,832,624,87,ORD,PIT,412,7,15,-8
2002,3,12,2,605,832,624,87,ORD,PIT,412,6,12,-13
2002,3,13,3,605,832,624,87,ORD,PIT,412,7,15,-16
2002,3,14,4,605,832,624,87,ORD,PIT,412,5,9,-14
2002,3,15,5,605,832,624,87,ORD,PIT,412,7,13,-9
2002,3,18,1,605,832,624,87,ORD,PIT,412,11,16,-2
2002,3,19,2,605,832,624,87,ORD,PIT,412,7,13,-3
2002,3,20,3,605,832,624,87,ORD,PIT,412,5,15,-15
2002,3,21,4,605,832,624,87,ORD,PIT,412,7,13,0
2002,3,22,5,605,832,624,87,ORD,PIT,412,8,19,0
2002,3,25,1,605,832,624,87,ORD,PIT,412,5,12,-13
2002,3,26,2,605,832,624,87,ORD,PIT,412,7,40,22
2002,3,27,3,605,832,624,87,ORD,PIT,412,6,13,-7
2002,3,28,4,605,832,624,87,ORD,PIT,412,7,15,-11
2002,3,29,5,605,832,624,87,ORD,PIT,412,8,14,-9
2002,3,1,5,925,1047,624,82,PIT,LGA,335,7,10,-4
2002,3,2,6,925,1047,624,82,PIT,LGA,335,8,22,6
2002,3,3,7,925,1047,624,82,PIT,LGA,335,7,11,-7
2002,3,4,1,925,1047,624,82,PIT,LGA,335,7,11,14
2002,3,5,2,925,1047,624,82,PIT,LGA,335,10,21,2
2002,3,6,3,925,1047,624,82,PIT,LGA,335,8,10,-9
2002,3,7,4,925,1047,624,82,PIT,LGA,335,6,8,-13
2002,3,8,5,925,1047,624,82,PIT,LGA,335,4,11,-11
2002,3,9,6,925,1047,624,82,PIT,LGA,335,7,14,31
2002,3,10,7,925,1047,624,82,PIT,LGA,335,5,9,-24
2002,3,11,1,925,1047,624,82,PIT,LGA,335,6,13,-8
2002,3,12,2,925,1047,624,82,PIT,LGA,335,7,20,1
2002,3,13,3,925,1047,624,82,PIT,LGA,335,7,28,13
2002,3,14,4,925,1047,624,82,PIT,LGA,335,6,12,-14
2002,3,15,5,925,1047,624,82,PIT,LGA,335,5,9,0
2002,3,16,6,925,1047,624,82,PIT,LGA,335,9,11,-12
2002,3,17,7,925,1047,624,82,PIT,LGA,335,13,28,6
2002,3,18,1,925,1047,624,82,PIT,LGA,335,7,10,-17
2002,3,19,2,925,1047,624,82,PIT,LGA,335,7,11,-9
2002,3,20,3,925,1047,624,82,PIT,LGA,335,7,23,-1
2002,3,21,4,925,1047,624,82,PIT,LGA,335,4,12,-18
2002,3,22,5,925,1047,624,82,PIT,LGA,335,9,15,20
2002,3,23,6,925,1047,624,82,PIT,LGA,335,4,9,-9
2002,3,24,7,925,1047,624,82,PIT,LGA,335,6,10,-8
2002,3,25,1,925,1047,624,82,PIT,LGA,335,6,16,-17
2002,3,26,2,925,1047,624,82,PIT,LGA,335,4,44,34
2002,3,27,3,925,1047,624,82,PIT,LGA,335,5,20,-11
2002,3,28,4,925,1047,624,82,PIT,LGA,335,5,11,-15
2002,3,29,5,925,1047,624,82,PIT,LGA,335,8,12,-4
2002,3,30,6,925,1047,624,82,PIT,LGA,335,4,8,-19
2002,3,31,7,925,1047,624,82,PIT,LGA,335,8,14,-7
2002,3,2,6,2245,2346,625,61,PIT,ABE,253,5,8,-3
2002,3,3,7,645,827,627,102,MHT,PIT,485,5,11,0
2002,3,1,5,730,855,628,85,CMH,PHL,405,9,10,-10
2002,3,2,6,730,855,628,85,CMH,PHL,405,8,18,16
2002,3,3,7,730,855,628,85,CMH,PHL,405,3,9,-4
2002,3,4,1,730,855,628,85,CMH,PHL,405,4,11,-5
2002,3,5,2,730,855,628,85,CMH,PHL,405,5,16,0
2002,3,6,3,730,855,628,85,CMH,PHL,405,4,15,4
2002,3,7,4,730,855,628,85,CMH,PHL,405,3,10,-11
2002,3,8,5,730,855,628,85,CMH,PHL,405,2,17,17
2002,3,9,6,730,855,628,85,CMH,PHL,405,8,19,5
2002,3,10,7,730,855,628,85,CMH,PHL,405,2,9,-16
2002,3,11,1,730,855,628,85,CMH,PHL,405,8,25,11
2002,3,12,2,730,855,628,85,CMH,PHL,405,4,7,-5
2002,3,13,3,730,855,628,85,CMH,PHL,405,6,18,75
2002,3,14,4,730,855,628,85,CMH,PHL,405,2,15,-16
2002,3,15,5,730,855,628,85,CMH,PHL,405,13,12,-8
2002,3,16,6,730,855,628,85,CMH,PHL,405,5,13,-9
2002,3,17,7,730,855,628,85,CMH,PHL,405,7,9,-17
2002,3,18,1,730,855,628,85,CMH,PHL,405,6,56,27
2002,3,19,2,730,855,628,85,CMH,PHL,405,2,16,-20
2002,3,20,3,730,855,628,85,CMH,PHL,405,7,14,6
2002,3,21,4,730,855,628,85,CMH,PHL,405,3,15,1
2002,3,22,5,730,855,628,85,CMH,PHL,405,7,10,-14
2002,3,23,6,730,855,628,85,CMH,PHL,405,12,18,7
2002,3,24,7,730,855,628,85,CMH,PHL,405,17,9,-2
2002,3,25,1,730,855,628,85,CMH,PHL,405,7,32,23
2002,3,26,2,730,855,628,85,CMH,PHL,405,7,30,14
2002,3,27,3,730,855,628,85,CMH,PHL,405,2,12,-18
2002,3,28,4,730,855,628,85,CMH,PHL,405,2,27,6
2002,3,29,5,730,855,628,85,CMH,PHL,405,2,14,-6
2002,3,30,6,730,855,628,85,CMH,PHL,405,2,16,3
2002,3,31,7,730,855,628,85,CMH,PHL,405,6,10,26
2002,3,1,5,940,1044,628,64,PHL,BDL,196,4,22,3
2002,3,2,6,940,1044,628,64,PHL,BDL,196,5,11,-15
2002,3,3,7,945,1049,628,64,PHL,BDL,196,3,18,-8
2002,3,4,1,945,1049,628,64,PHL,BDL,196,4,11,-13
2002,3,5,2,945,1049,628,64,PHL,BDL,196,5,22,-5
2002,3,6,3,945,1049,628,64,PHL,BDL,196,3,10,-11
2002,3,7,4,945,1049,628,64,PHL,BDL,196,4,18,-9
2002,3,8,5,945,1049,628,64,PHL,BDL,196,3,36,8
2002,3,9,6,945,1049,628,64,PHL,BDL,196,5,21,2
2002,3,10,7,945,1049,628,64,PHL,BDL,196,3,9,-25
2002,3,11,1,945,1049,628,64,PHL,BDL,196,4,29,30
2002,3,12,2,945,1049,628,64,PHL,BDL,196,2,29,14
2002,3,13,3,945,1049,628,64,PHL,BDL,196,5,12,55
2002,3,14,4,945,1049,628,64,PHL,BDL,196,4,17,-12
2002,3,15,5,945,1049,628,64,PHL,BDL,196,4,29,6
2002,3,16,6,945,1049,628,64,PHL,BDL,196,5,24,0
2002,3,17,7,945,1049,628,64,PHL,BDL,196,5,10,-16
2002,3,18,1,945,1049,628,64,PHL,BDL,196,4,34,33
2002,3,19,2,945,1049,628,64,PHL,BDL,196,4,22,-3
2002,3,20,3,945,1049,628,64,PHL,BDL,196,4,28,7
2002,3,21,4,945,1049,628,64,PHL,BDL,196,5,17,-9
2002,3,22,5,945,1049,628,64,PHL,BDL,196,4,13,-15
2002,3,23,6,945,1049,628,64,PHL,BDL,196,5,23,18
2002,3,24,7,945,1049,628,64,PHL,BDL,196,4,28,5
2002,3,25,1,945,1049,628,64,PHL,BDL,196,6,32,29
2002,3,26,2,945,1049,628,64,PHL,BDL,196,6,13,-11
2002,3,27,3,945,1049,628,64,PHL,BDL,196,6,26,-1
2002,3,28,4,945,1049,628,64,PHL,BDL,196,4,17,-6
2002,3,29,5,945,1049,628,64,PHL,BDL,196,5,10,-8
2002,3,30,6,945,1049,628,64,PHL,BDL,196,3,10,-13
2002,3,31,7,945,1049,628,64,PHL,BDL,196,3,30,20
2002,3,9,6,1850,1940,629,50,CLT,RDU,130,4,11,16
2002,3,16,6,1850,1940,629,50,CLT,RDU,130,6,11,78
2002,3,23,6,1850,1940,629,50,CLT,RDU,130,4,11,-10
2002,3,30,6,1850,1940,629,50,CLT,RDU,130,4,16,22
2002,3,2,6,2055,2244,630,109,PIT,ATL,526,7,13,24
2002,3,1,5,1855,2100,631,125,CLT,BOS,728,5,16,56
2002,3,2,6,1855,2100,631,125,CLT,BOS,728,5,12,47
2002,3,3,7,1855,2100,631,125,CLT,BOS,728,6,16,-15
2002,3,4,1,1855,2100,631,125,CLT,BOS,728,5,24,3
2002,3,5,2,1855,2100,631,125,CLT,BOS,728,7,15,-6
2002,3,6,3,1855,2100,631,125,CLT,BOS,728,5,13,33
2002,3,7,4,1855,2100,631,125,CLT,BOS,728,9,15,56
2002,3,8,5,1855,2100,631,125,CLT,BOS,728,8,11,17
2002,3,9,6,1855,2100,631,125,CLT,BOS,728,7,17,16
2002,3,10,7,1855,2100,631,125,CLT,BOS,728,7,24,16
2002,3,11,1,1855,2100,631,125,CLT,BOS,728,6,17,-1
2002,3,12,2,1855,2100,631,125,CLT,BOS,728,10,31,32
2002,3,13,3,1855,2100,631,125,CLT,BOS,728,13,19,9
2002,3,14,4,1855,2100,631,125,CLT,BOS,728,10,9,82
2002,3,15,5,1855,2100,631,125,CLT,BOS,728,7,8,178
2002,3,16,6,1855,2100,631,125,CLT,BOS,728,9,16,10
2002,3,17,7,1855,2100,631,125,CLT,BOS,728,12,14,77
2002,3,18,1,1855,2100,631,125,CLT,BOS,728,9,13,-1
2002,3,19,2,1855,2100,631,125,CLT,BOS,728,9,13,-9
2002,3,20,3,1855,2100,631,125,CLT,BOS,728,12,23,36
2002,3,21,4,1855,2100,631,125,CLT,BOS,728,4,18,-6
2002,3,22,5,1855,2100,631,125,CLT,BOS,728,8,11,-8
2002,3,23,6,1855,2100,631,125,CLT,BOS,728,5,22,25
2002,3,24,7,1855,2100,631,125,CLT,BOS,728,8,15,-4
2002,3,25,1,1855,2100,631,125,CLT,BOS,728,10,9,-13
2002,3,26,2,1855,2100,631,125,CLT,BOS,728,10,8,0
2002,3,27,3,1855,2100,631,125,CLT,BOS,728,7,15,-16
2002,3,28,4,1855,2100,631,125,CLT,BOS,728,7,14,2
2002,3,29,5,1855,2100,631,125,CLT,BOS,728,6,8,-17
2002,3,30,6,1855,2100,631,125,CLT,BOS,728,5,9,26
2002,3,31,7,1855,2100,631,125,CLT,BOS,728,12,27,67
2002,3,1,5,1550,1825,632,155,PHL,MCO,861,5,33,150
2002,3,2,6,1550,1825,632,155,PHL,MCO,861,5,18,31
2002,3,3,7,1550,1825,632,155,PHL,MCO,861,3,12,24
2002,3,4,1,1550,1825,632,155,PHL,MCO,861,2,14,1
2002,3,5,2,1550,1825,632,155,PHL,MCO,861,2,15,-10
2002,3,6,3,1550,1825,632,155,PHL,MCO,861,3,22,4
2002,3,7,4,1550,1825,632,155,PHL,MCO,861,4,11,9
2002,3,8,5,1550,1825,632,155,PHL,MCO,861,4,32,7
2002,3,9,6,1550,1825,632,155,PHL,MCO,861,6,12,-22
2002,3,10,7,1550,1825,632,155,PHL,MCO,861,6,24,6
2002,3,11,1,1550,1825,632,155,PHL,MCO,861,8,18,-8
2002,3,12,2,1550,1825,632,155,PHL,MCO,861,3,34,19
2002,3,13,3,1550,1825,632,155,PHL,MCO,861,3,18,-15
2002,3,14,4,1550,1825,632,155,PHL,MCO,861,3,28,11
2002,3,15,5,1550,1825,632,155,PHL,MCO,861,4,18,4
2002,3,16,6,1550,1825,632,155,PHL,MCO,861,3,8,-5
2002,3,17,7,1550,1825,632,155,PHL,MCO,861,5,25,0
2002,3,18,1,1550,1825,632,155,PHL,MCO,861,3,31,22
2002,3,19,2,1550,1825,632,155,PHL,MCO,861,3,16,9
2002,3,20,3,1550,1825,632,155,PHL,MCO,861,5,17,63
2002,3,21,4,1550,1825,632,155,PHL,MCO,861,4,9,7
2002,3,22,5,1550,1825,632,155,PHL,MCO,861,5,27,43
2002,3,23,6,1550,1825,632,155,PHL,MCO,861,4,20,14
2002,3,24,7,1550,1825,632,155,PHL,MCO,861,5,16,-3
2002,3,25,1,1550,1825,632,155,PHL,MCO,861,4,40,20
2002,3,26,2,1550,1825,632,155,PHL,MCO,861,9,17,62
2002,3,27,3,1550,1825,632,155,PHL,MCO,861,5,23,-6
2002,3,28,4,1550,1825,632,155,PHL,MCO,861,3,11,8
2002,3,29,5,1550,1825,632,155,PHL,MCO,861,5,11,-25
2002,3,30,6,1550,1825,632,155,PHL,MCO,861,3,12,16
2002,3,31,7,1550,1825,632,155,PHL,MCO,861,4,121,118
2002,3,1,5,805,1043,633,338,PHL,LAS,2176,4,14,7
2002,3,2,6,805,1043,633,338,PHL,LAS,2176,6,32,19
2002,3,3,7,805,1043,633,338,PHL,LAS,2176,11,20,20
2002,3,4,1,805,1043,633,338,PHL,LAS,2176,7,48,16
2002,3,5,2,805,1043,633,338,PHL,LAS,2176,8,26,4
2002,3,6,3,805,1043,633,338,PHL,LAS,2176,8,9,67
2002,3,7,4,805,1043,633,338,PHL,LAS,2176,8,66,42
2002,3,8,5,805,1043,633,338,PHL,LAS,2176,6,33,31
2002,3,9,6,805,1043,633,338,PHL,LAS,2176,7,32,12
2002,3,10,7,805,1043,633,338,PHL,LAS,2176,9,15,26
2002,3,11,1,805,1043,633,338,PHL,LAS,2176,5,21,-9
2002,3,12,2,805,1043,633,338,PHL,LAS,2176,6,19,-4
2002,3,13,3,805,1043,633,338,PHL,LAS,2176,7,27,3
2002,3,14,4,805,1043,633,338,PHL,LAS,2176,4,31,27
2002,3,15,5,805,1043,633,338,PHL,LAS,2176,9,44,93
2002,3,16,6,805,1043,633,338,PHL,LAS,2176,6,51,49
2002,3,17,7,805,1043,633,338,PHL,LAS,2176,9,17,87
2002,3,18,1,805,1043,633,338,PHL,LAS,2176,5,20,122
2002,3,19,2,805,1043,633,338,PHL,LAS,2176,7,40,27
2002,3,20,3,805,1043,633,338,PHL,LAS,2176,10,50,104
2002,3,21,4,805,1043,633,338,PHL,LAS,2176,6,15,135
2002,3,22,5,805,1043,633,338,PHL,LAS,2176,8,35,68
2002,3,23,6,805,1043,633,338,PHL,LAS,2176,7,25,30
2002,3,24,7,805,1043,633,338,PHL,LAS,2176,9,21,13
2002,3,25,1,805,1043,633,338,PHL,LAS,2176,6,37,3
2002,3,26,2,805,1043,633,338,PHL,LAS,2176,9,26,0
2002,3,27,3,805,1043,633,338,PHL,LAS,2176,7,25,18
2002,3,28,4,805,1043,633,338,PHL,LAS,2176,8,37,27
2002,3,29,5,805,1043,633,338,PHL,LAS,2176,4,40,28
2002,3,30,6,805,1043,633,338,PHL,LAS,2176,6,46,158
2002,3,31,7,805,1043,633,338,PHL,LAS,2176,4,32,19
2002,3,2,6,1715,1935,634,140,BOS,CLT,728,5,11,7
2002,3,4,1,1845,2008,635,83,PHL,PIT,267,7,9,8
2002,3,5,2,1845,2008,635,83,PHL,PIT,267,6,27,-10
2002,3,6,3,1845,2008,635,83,PHL,PIT,267,7,21,-8
2002,3,7,4,1845,2008,635,83,PHL,PIT,267,8,13,-6
2002,3,8,5,1845,2008,635,83,PHL,PIT,267,7,10,12
2002,3,11,1,1845,2008,635,83,PHL,PIT,267,7,17,-21
2002,3,12,2,1845,2008,635,83,PHL,PIT,267,6,13,-20
2002,3,13,3,1845,2008,635,83,PHL,PIT,267,6,16,37
2002,3,14,4,1845,2008,635,83,PHL,PIT,267,9,19,-8
2002,3,15,5,1845,2008,635,83,PHL,PIT,267,20,13,2
2002,3,18,1,1845,2008,635,83,PHL,PIT,267,6,13,56
2002,3,19,2,1845,2008,635,83,PHL,PIT,267,7,23,13
2002,3,20,3,1845,2008,635,83,PHL,PIT,267,5,10,20
2002,3,21,4,1845,2008,635,83,PHL,PIT,267,13,14,13
2002,3,22,5,1845,2008,635,83,PHL,PIT,267,18,10,3
2002,3,25,1,1845,2008,635,83,PHL,PIT,267,8,15,15
2002,3,26,2,1845,2008,635,83,PHL,PIT,267,6,17,56
2002,3,27,3,1845,2008,635,83,PHL,PIT,267,5,9,-4
2002,3,28,4,1845,2008,635,83,PHL,PIT,267,5,8,31
2002,3,29,5,1845,2008,635,83,PHL,PIT,267,4,9,25
2002,3,1,5,2105,2259,635,294,PIT,LAS,1910,7,21,0
2002,3,2,6,2105,2259,635,294,PIT,LAS,1910,41,9,6
2002,3,3,7,2105,2259,635,294,PIT,LAS,1910,6,22,17
2002,3,4,1,2105,2259,635,294,PIT,LAS,1910,9,13,52
2002,3,5,2,2105,2259,635,294,PIT,LAS,1910,15,21,2
2002,3,6,3,2105,2259,635,294,PIT,LAS,1910,22,22,20
2002,3,7,4,2105,2259,635,294,PIT,LAS,1910,8,18,2
2002,3,8,5,2105,2259,635,294,PIT,LAS,1910,7,15,2
2002,3,9,6,2105,2259,635,294,PIT,LAS,1910,5,10,41
2002,3,10,7,2105,2259,635,294,PIT,LAS,1910,39,19,35
2002,3,11,1,2105,2259,635,294,PIT,LAS,1910,5,11,-18
2002,3,12,2,2105,2259,635,294,PIT,LAS,1910,10,18,1
2002,3,13,3,2105,2259,635,294,PIT,LAS,1910,5,14,13
2002,3,14,4,2105,2259,635,294,PIT,LAS,1910,6,27,22
2002,3,15,5,2105,2259,635,294,PIT,LAS,1910,8,16,13
2002,3,16,6,2105,2259,635,294,PIT,LAS,1910,7,15,10
2002,3,17,7,2105,2259,635,294,PIT,LAS,1910,7,12,53
2002,3,18,1,2105,2259,635,294,PIT,LAS,1910,7,14,42
2002,3,19,2,2105,2259,635,294,PIT,LAS,1910,5,17,13
2002,3,20,3,2105,2259,635,294,PIT,LAS,1910,9,18,10
2002,3,21,4,2105,2259,635,294,PIT,LAS,1910,8,20,17
2002,3,22,5,2105,2259,635,294,PIT,LAS,1910,6,18,-1
2002,3,23,6,2105,2259,635,294,PIT,LAS,1910,6,10,83
2002,3,24,7,2105,2259,635,294,PIT,LAS,1910,7,16,-13
2002,3,25,1,2105,2259,635,294,PIT,LAS,1910,6,17,2
2002,3,26,2,2105,2259,635,294,PIT,LAS,1910,5,13,43
2002,3,27,3,2105,2259,635,294,PIT,LAS,1910,8,19,-11
2002,3,28,4,2105,2259,635,294,PIT,LAS,1910,6,14,-4
2002,3,29,5,2105,2259,635,294,PIT,LAS,1910,8,23,15
2002,3,30,6,2105,2259,635,294,PIT,LAS,1910,5,26,2
2002,3,31,7,2105,2259,635,294,PIT,LAS,1910,9,12,53
2002,3,2,6,1845,1955,636,70,SYR,PIT,279,6,10,1
2002,3,3,7,2215,2316,638,61,PIT,AVP,243,3,45,71
2002,3,10,7,2215,2316,638,61,PIT,AVP,243,4,8,65
2002,3,17,7,2215,2316,638,61,PIT,AVP,243,4,10,15
2002,3,23,6,2215,2316,638,61,PIT,AVP,243,1,7,-23
2002,3,24,7,2215,2316,638,61,PIT,AVP,243,4,11,-14
2002,3,30,6,2215,2316,638,61,PIT,AVP,243,3,8,-24
2002,3,31,7,2215,2316,638,61,PIT,AVP,243,6,9,-16
2002,3,9,6,1715,1754,639,99,CLT,PNS,488,6,19,6
2002,3,16,6,1715,1754,639,99,CLT,PNS,488,4,16,-6
2002,3,23,6,1715,1754,639,99,CLT,PNS,488,5,17,-8
2002,3,30,6,1715,1754,639,99,CLT,PNS,488,5,15,-1
2002,3,1,5,1515,1641,644,86,ORF,PIT,330,8,8,-6
2002,3,2,6,1515,1641,644,86,ORF,PIT,330,5,12,-4
2002,3,3,7,1515,1636,644,81,ORF,PIT,330,5,10,-10
2002,3,4,1,1515,1636,644,81,ORF,PIT,330,5,21,0
2002,3,5,2,1515,1636,644,81,ORF,PIT,330,7,11,-6
2002,1,25,5,935,1118,728,103,CLT,BUF,546,3,39,12
2002,1,26,6,935,1118,728,103,CLT,BUF,546,2,12,-13
2002,1,27,7,935,1118,728,103,CLT,BUF,546,2,13,-7
2002,1,28,1,935,1118,728,103,CLT,BUF,546,3,17,-7
2002,1,29,2,935,1118,728,103,CLT,BUF,546,3,21,-5
2002,1,30,3,935,1118,728,103,CLT,BUF,546,4,14,-12
2002,1,6,7,1140,1221,729,101,PIT,BNA,462,3,46,38
2002,1,7,1,1140,1221,729,101,PIT,BNA,462,4,27,-3
2002,1,8,2,1140,1221,729,101,PIT,BNA,462,7,13,-3
2002,1,9,3,1140,1221,729,101,PIT,BNA,462,5,16,-12
2002,1,10,4,1140,1221,729,101,PIT,BNA,462,6,15,-2
2002,1,11,5,1140,1221,729,101,PIT,BNA,462,4,11,-6
2002,1,12,6,1140,1221,729,101,PIT,BNA,462,4,12,-9
2002,1,13,7,1140,1221,729,101,PIT,BNA,462,4,14,-9
2002,1,14,1,1140,1221,729,101,PIT,BNA,462,6,16,15
2002,1,15,2,1140,1221,729,101,PIT,BNA,462,3,14,-2
2002,1,16,3,1140,1221,729,101,PIT,BNA,462,6,17,-1
2002,1,17,4,1140,1221,729,101,PIT,BNA,462,4,10,6
2002,1,18,5,1140,1221,729,101,PIT,BNA,462,4,16,5
2002,1,19,6,1140,1221,729,101,PIT,BNA,462,6,18,87
2002,1,20,7,1140,1221,729,101,PIT,BNA,462,5,14,-9
2002,1,21,1,1140,1221,729,101,PIT,BNA,462,5,11,-2
2002,1,22,2,1140,1221,729,101,PIT,BNA,462,5,15,-11
2002,1,23,3,1140,1221,729,101,PIT,BNA,462,6,16,-1
2002,1,24,4,1140,1221,729,101,PIT,BNA,462,4,12,11
2002,1,25,5,1140,1221,729,101,PIT,BNA,462,4,13,-3
2002,1,26,6,1140,1221,729,101,PIT,BNA,462,4,17,-14
2002,1,27,7,1140,1221,729,101,PIT,BNA,462,5,19,-6
2002,1,28,1,1140,1221,729,101,PIT,BNA,462,6,19,2
2002,1,29,2,1140,1221,729,101,PIT,BNA,462,6,19,-1
2002,1,30,3,1140,1221,729,101,PIT,BNA,462,7,16,-5
2002,1,31,4,1140,1221,729,101,PIT,BNA,462,5,16,-1
2002,1,6,7,745,1006,731,141,MHT,CLT,737,5,19,24
2002,1,7,1,745,1006,731,141,MHT,CLT,737,18,8,-8
2002,1,8,2,745,1006,731,141,MHT,CLT,737,20,10,-10
2002,1,9,3,745,1006,731,141,MHT,CLT,737,6,17,-5
2002,1,10,4,745,1006,731,141,MHT,CLT,737,6,36,13
2002,1,11,5,745,1006,731,141,MHT,CLT,737,5,9,-6
2002,1,12,6,745,1006,731,141,MHT,CLT,737,13,21,-7
2002,1,13,7,745,1006,731,141,MHT,CLT,737,9,32,5
2002,1,14,1,745,1006,731,141,MHT,CLT,737,3,13,-6
2002,1,15,2,745,1006,731,141,MHT,CLT,737,4,13,5
2002,1,16,3,745,1006,731,141,MHT,CLT,737,4,18,3
2002,1,17,4,745,1006,731,141,MHT,CLT,737,6,11,-18
2002,1,18,5,745,1006,731,141,MHT,CLT,737,6,13,1
2002,1,19,6,745,1006,731,141,MHT,CLT,737,5,12,7
2002,1,20,7,745,1006,731,141,MHT,CLT,737,14,12,-14
2002,1,21,1,745,1006,731,141,MHT,CLT,737,7,23,18
2002,1,22,2,745,1006,731,141,MHT,CLT,737,9,16,-7
2002,1,23,3,745,1006,731,141,MHT,CLT,737,4,23,17
2002,1,24,4,745,1006,731,141,MHT,CLT,737,9,59,49
2002,1,25,5,745,1006,731,141,MHT,CLT,737,4,12,6
2002,1,26,6,745,1006,731,141,MHT,CLT,737,8,26,-5
2002,1,27,7,745,1006,731,141,MHT,CLT,737,24,14,-10
2002,1,28,1,745,1006,731,141,MHT,CLT,737,12,17,-14
2002,1,29,2,745,1006,731,141,MHT,CLT,737,12,10,-17
2002,1,30,3,745,1006,731,141,MHT,CLT,737,5,10,-18
2002,1,31,4,745,1006,731,141,MHT,CLT,737,5,7,20
2002,1,1,2,1600,1906,734,126,BNA,PHL,675,21,16,5
2002,1,2,3,1600,1906,734,126,BNA,PHL,675,7,15,-16
2002,1,3,4,1600,1906,734,126,BNA,PHL,675,3,12,-18
2002,1,4,5,1600,1906,734,126,BNA,PHL,675,16,12,-1
2002,1,5,6,1600,1906,734,126,BNA,PHL,675,4,10,-13
2002,1,6,7,1600,1902,734,122,BNA,PHL,675,21,12,34
2002,1,7,1,1600,1902,734,122,BNA,PHL,675,6,15,54
2002,1,8,2,1600,1902,734,122,BNA,PHL,675,7,13,2
2002,1,9,3,1600,1902,734,122,BNA,PHL,675,9,12,3
2002,1,10,4,1600,1902,734,122,BNA,PHL,675,3,14,-5
2002,1,11,5,1600,1902,734,122,BNA,PHL,675,9,27,34
2002,1,12,6,1600,1902,734,122,BNA,PHL,675,3,9,-6
2002,1,13,7,1600,1902,734,122,BNA,PHL,675,3,10,26
2002,1,14,1,1600,1902,734,122,BNA,PHL,675,7,12,-2
2002,1,15,2,1600,1902,734,122,BNA,PHL,675,3,12,-7
2002,1,16,3,1600,1902,734,122,BNA,PHL,675,3,12,-19
2002,1,17,4,1600,1902,734,122,BNA,PHL,675,5,12,-18
2002,1,18,5,1600,1902,734,122,BNA,PHL,675,2,15,-3
2002,1,19,6,1600,1902,734,122,BNA,PHL,675,32,9,171
2002,1,20,7,1600,1902,734,122,BNA,PHL,675,0,0,NA
2002,1,21,1,1600,1902,734,122,BNA,PHL,675,11,13,-4
2002,1,22,2,1600,1902,734,122,BNA,PHL,675,17,12,13
2002,1,23,3,1600,1902,734,122,BNA,PHL,675,7,31,151
2002,1,24,4,1600,1902,734,122,BNA,PHL,675,3,12,45
2002,1,25,5,1600,1902,734,122,BNA,PHL,675,4,10,-5
2002,1,26,6,1600,1902,734,122,BNA,PHL,675,7,12,3
2002,1,27,7,1600,1902,734,122,BNA,PHL,675,6,12,5
2002,1,28,1,1600,1902,734,122,BNA,PHL,675,4,13,-5
2002,1,29,2,1600,1902,734,122,BNA,PHL,675,4,13,1
2002,1,30,3,1600,1902,734,122,BNA,PHL,675,3,11,-6
2002,1,31,4,1600,1902,734,122,BNA,PHL,675,7,14,88
2002,1,1,2,755,1005,735,190,PHL,MCI,1038,5,25,-6
2002,1,2,3,755,1005,735,190,PHL,MCI,1038,4,21,-2
2002,1,3,4,755,1005,735,190,PHL,MCI,1038,4,21,-36
2002,1,4,5,755,1005,735,190,PHL,MCI,1038,5,25,-3
2002,1,5,6,755,1005,735,190,PHL,MCI,1038,2,10,-20
2002,1,7,1,810,1032,735,202,PHL,MCI,1038,3,31,-12
2002,1,8,2,810,1032,735,202,PHL,MCI,1038,4,17,-41
2002,1,9,3,810,1032,735,202,PHL,MCI,1038,6,38,7
2002,1,10,4,810,1032,735,202,PHL,MCI,1038,7,53,49
2002,1,11,5,810,1032,735,202,PHL,MCI,1038,3,33,-13
2002,1,14,1,810,1032,735,202,PHL,MCI,1038,5,35,48
2002,1,15,2,810,1032,735,202,PHL,MCI,1038,5,38,9
2002,1,16,3,810,1032,735,202,PHL,MCI,1038,5,23,11
2002,1,17,4,810,1032,735,202,PHL,MCI,1038,3,44,30
2002,1,18,5,810,1032,735,202,PHL,MCI,1038,6,27,24
2002,1,21,1,810,1032,735,202,PHL,MCI,1038,6,51,25
2002,1,22,2,810,1032,735,202,PHL,MCI,1038,3,23,-2
2002,1,23,3,810,1032,735,202,PHL,MCI,1038,4,38,21
2002,1,24,4,810,1032,735,202,PHL,MCI,1038,7,44,51
2002,1,25,5,810,1032,735,202,PHL,MCI,1038,3,16,-19
2002,1,28,1,810,1032,735,202,PHL,MCI,1038,5,30,3
2002,1,29,2,810,1032,735,202,PHL,MCI,1038,4,50,16
2002,1,31,4,810,1032,735,202,PHL,MCI,1038,5,47,30
2002,1,1,2,600,715,735,75,ROC,PHL,257,6,20,-6
2002,1,2,3,600,715,735,75,ROC,PHL,257,5,22,4
2002,1,3,4,600,715,735,75,ROC,PHL,257,3,19,-3
2002,1,4,5,600,715,735,75,ROC,PHL,257,5,20,0
2002,1,5,6,600,715,735,75,ROC,PHL,257,3,14,-10
2002,1,6,7,600,720,735,80,ROC,PHL,257,5,17,-7
2002,1,7,1,600,720,735,80,ROC,PHL,257,5,51,34
2002,1,8,2,600,720,735,80,ROC,PHL,257,3,29,0
2002,1,9,3,600,720,735,80,ROC,PHL,257,5,11,-15
2002,1,10,4,600,720,735,80,ROC,PHL,257,7,13,-8
2002,1,11,5,600,720,735,80,ROC,PHL,257,10,25,17
2002,1,12,6,600,720,735,80,ROC,PHL,257,6,11,-14
2002,1,13,7,600,720,735,80,ROC,PHL,257,8,19,-9
2002,1,14,1,600,720,735,80,ROC,PHL,257,10,21,1
2002,1,15,2,600,720,735,80,ROC,PHL,257,11,17,-7
2002,1,16,3,600,720,735,80,ROC,PHL,257,5,24,-7
2002,1,17,4,600,720,735,80,ROC,PHL,257,5,30,9
2002,1,18,5,600,720,735,80,ROC,PHL,257,2,13,-15
2002,1,19,6,600,720,735,80,ROC,PHL,257,14,13,-6
2002,1,20,7,600,720,735,80,ROC,PHL,257,37,23,19
2002,1,21,1,600,720,735,80,ROC,PHL,257,13,10,-8
2002,1,22,2,600,720,735,80,ROC,PHL,257,6,13,-18
2002,1,23,3,600,720,735,80,ROC,PHL,257,2,10,-10
2002,1,24,4,600,720,735,80,ROC,PHL,257,3,14,2
2002,1,25,5,600,720,735,80,ROC,PHL,257,13,19,2
2002,1,26,6,600,720,735,80,ROC,PHL,257,5,13,-8
2002,1,27,7,600,720,735,80,ROC,PHL,257,26,14,5
2002,1,28,1,600,720,735,80,ROC,PHL,257,34,14,19
2002,1,29,2,600,720,735,80,ROC,PHL,257,4,12,-16
2002,1,30,3,600,720,735,80,ROC,PHL,257,3,42,8
2002,1,31,4,600,720,735,80,ROC,PHL,257,8,27,14
2002,1,1,2,2145,2241,738,56,PHL,IAD,134,7,11,-8
2002,1,2,3,2145,2241,738,56,PHL,IAD,134,5,17,-5
2002,1,3,4,2145,2241,738,56,PHL,IAD,134,4,10,-8
2002,1,4,5,2145,2241,738,56,PHL,IAD,134,3,14,-12
2002,1,1,2,730,1516,740,286,SFO,PIT,2254,4,19,-5
2002,1,2,3,730,1516,740,286,SFO,PIT,2254,8,19,13
2002,1,3,4,730,1516,740,286,SFO,PIT,2254,8,9,-5
2002,1,4,5,730,1516,740,286,SFO,PIT,2254,8,20,-8
2002,1,5,6,730,1516,740,286,SFO,PIT,2254,7,10,-13
2002,1,6,7,730,1508,740,278,SFO,PIT,2254,10,21,15
2002,1,7,1,730,1508,740,278,SFO,PIT,2254,8,11,10
2002,1,8,2,730,1508,740,278,SFO,PIT,2254,5,12,-21
2002,1,9,3,730,1508,740,278,SFO,PIT,2254,6,10,-33
2002,1,10,4,730,1508,740,278,SFO,PIT,2254,10,12,-3
2002,1,11,5,730,1508,740,278,SFO,PIT,2254,8,13,9
2002,1,12,6,730,1508,740,278,SFO,PIT,2254,11,12,-9
2002,1,13,7,730,1508,740,278,SFO,PIT,2254,8,19,-2
2002,1,14,1,730,1508,740,278,SFO,PIT,2254,9,12,-26
2002,1,15,2,730,1508,740,278,SFO,PIT,2254,6,13,-39
2002,1,16,3,730,1508,740,278,SFO,PIT,2254,7,19,-19
2002,1,17,4,730,1508,740,278,SFO,PIT,2254,8,16,-29
2002,1,18,5,730,1508,740,278,SFO,PIT,2254,6,14,-28
2002,1,19,6,730,1508,740,278,SFO,PIT,2254,7,10,-26
2002,1,20,7,730,1508,740,278,SFO,PIT,2254,5,9,-23
2002,1,21,1,730,1508,740,278,SFO,PIT,2254,11,12,-4
2002,1,22,2,730,1508,740,278,SFO,PIT,2254,6,12,-27
2002,1,23,3,730,1508,740,278,SFO,PIT,2254,4,13,-25
2002,1,24,4,730,1508,740,278,SFO,PIT,2254,6,12,-16
2002,1,25,5,730,1508,740,278,SFO,PIT,2254,7,10,-22
2002,1,26,6,730,1508,740,278,SFO,PIT,2254,4,20,-29
2002,1,27,7,730,1508,740,278,SFO,PIT,2254,9,18,-18
2002,1,28,1,730,1508,740,278,SFO,PIT,2254,6,14,-36
2002,1,29,2,730,1508,740,278,SFO,PIT,2254,5,19,-24
2002,1,30,3,730,1508,740,278,SFO,PIT,2254,13,12,-21
2002,1,31,4,730,1508,740,278,SFO,PIT,2254,6,13,-5
2002,1,1,2,1745,2013,741,328,PIT,SFO,2254,5,14,-14
2002,1,2,3,1745,2013,741,328,PIT,SFO,2254,8,10,6
2002,1,3,4,1745,2013,741,328,PIT,SFO,2254,7,16,18
2002,1,4,5,1745,2013,741,328,PIT,SFO,2254,5,10,23
2002,1,6,7,1745,2016,741,331,PIT,SFO,2254,10,28,77
2002,1,7,1,1745,2016,741,331,PIT,SFO,2254,8,30,93
2002,1,8,2,1745,2016,741,331,PIT,SFO,2254,6,17,10
2002,1,9,3,1745,2016,741,331,PIT,SFO,2254,6,14,14
2002,1,10,4,1745,2016,741,331,PIT,SFO,2254,9,12,-18
2002,1,11,5,1745,2016,741,331,PIT,SFO,2254,7,17,-12
2002,1,12,6,1745,2016,741,331,PIT,SFO,2254,14,18,55
2002,1,13,7,1745,2016,741,331,PIT,SFO,2254,7,12,10
2002,1,14,1,1745,2016,741,331,PIT,SFO,2254,6,12,2
2002,1,15,2,1745,2016,741,331,PIT,SFO,2254,7,13,21
2002,1,16,3,1745,2016,741,331,PIT,SFO,2254,10,15,19
2002,1,17,4,1745,2016,741,331,PIT,SFO,2254,8,15,24
2002,1,18,5,1745,2016,741,331,PIT,SFO,2254,7,16,11
2002,1,19,6,1745,2016,741,331,PIT,SFO,2254,5,34,18
2002,1,20,7,1745,2016,741,331,PIT,SFO,2254,8,12,46
2002,1,21,1,1745,2016,741,331,PIT,SFO,2254,7,13,58
2002,1,22,2,1745,2016,741,331,PIT,SFO,2254,9,14,4
2002,1,23,3,1745,2016,741,331,PIT,SFO,2254,7,17,11
2002,1,24,4,1745,2016,741,331,PIT,SFO,2254,7,15,1
2002,1,25,5,1745,2016,741,331,PIT,SFO,2254,8,13,1
2002,1,26,6,1745,2016,741,331,PIT,SFO,2254,5,19,14
2002,1,27,7,1745,2016,741,331,PIT,SFO,2254,10,17,20
2002,1,28,1,1745,2016,741,331,PIT,SFO,2254,10,19,43
2002,1,29,2,1745,2016,741,331,PIT,SFO,2254,8,16,22
2002,1,31,4,1745,2016,741,331,PIT,SFO,2254,7,18,35
2002,1,1,2,1900,2015,743,75,GSO,PIT,304,6,10,-7
2002,1,2,3,1900,2015,743,75,GSO,PIT,304,6,17,-7
2002,1,3,4,1900,2015,743,75,GSO,PIT,304,8,22,6
2002,1,4,5,1900,2015,743,75,GSO,PIT,304,7,16,0
2002,1,1,2,2055,2156,743,61,PIT,DAY,215,5,18,-8
2002,1,2,3,2055,2156,743,61,PIT,DAY,215,4,11,-5
2002,1,3,4,2055,2156,743,61,PIT,DAY,215,8,12,64
2002,1,4,5,2055,2156,743,61,PIT,DAY,215,6,19,3
2002,1,5,6,2055,2156,743,61,PIT,DAY,215,5,13,-6
2002,1,6,7,2055,2158,743,63,PIT,DAY,215,5,25,9
2002,1,7,1,2055,2158,743,63,PIT,DAY,215,5,28,1
2002,1,8,2,2055,2158,743,63,PIT,DAY,215,4,16,-6
2002,1,9,3,2055,2158,743,63,PIT,DAY,215,6,18,2
2002,1,10,4,2055,2158,743,63,PIT,DAY,215,5,12,-8
2002,1,11,5,2055,2158,743,63,PIT,DAY,215,6,15,-8
2002,1,12,6,2055,2158,743,63,PIT,DAY,215,7,21,-2
2002,1,13,7,2055,2158,743,63,PIT,DAY,215,5,13,-11
2002,1,14,1,2055,2158,743,63,PIT,DAY,215,6,14,1
2002,1,15,2,2055,2158,743,63,PIT,DAY,215,6,27,3
2002,1,16,3,2055,2158,743,63,PIT,DAY,215,6,13,-5
2002,1,17,4,2055,2158,743,63,PIT,DAY,215,7,14,-3
2002,1,18,5,2055,2158,743,63,PIT,DAY,215,5,14,-4
2002,1,19,6,2055,2158,743,63,PIT,DAY,215,4,15,9
2002,1,20,7,2055,2158,743,63,PIT,DAY,215,7,13,-8
2002,1,21,1,2055,2158,743,63,PIT,DAY,215,5,12,-9
2002,1,22,2,2055,2158,743,63,PIT,DAY,215,7,19,5
2002,1,23,3,2055,2158,743,63,PIT,DAY,215,4,15,-9
2002,1,24,4,2055,2158,743,63,PIT,DAY,215,6,11,-4
2002,1,25,5,2055,2158,743,63,PIT,DAY,215,6,18,-7
2002,1,26,6,2055,2158,743,63,PIT,DAY,215,5,13,-12
2002,1,27,7,2055,2158,743,63,PIT,DAY,215,6,15,-9
2002,1,28,1,2055,2158,743,63,PIT,DAY,215,5,14,-11
2002,1,29,2,2055,2158,743,63,PIT,DAY,215,7,19,10
2002,1,30,3,2055,2158,743,63,PIT,DAY,215,6,17,2
2002,1,31,4,2055,2158,743,63,PIT,DAY,215,7,13,0
2002,1,6,7,1840,2000,743,80,RDU,PIT,328,8,19,50
2002,1,7,1,1840,2000,743,80,RDU,PIT,328,7,7,-2
2002,1,8,2,1840,2000,743,80,RDU,PIT,328,7,15,24
2002,1,9,3,1840,2000,743,80,RDU,PIT,328,5,10,-2
2002,1,10,4,1840,2000,743,80,RDU,PIT,328,7,10,-10
2002,1,11,5,1840,2000,743,80,RDU,PIT,328,9,8,-8
2002,1,13,7,1840,2000,743,80,RDU,PIT,328,6,11,-9
2002,1,14,1,1840,2000,743,80,RDU,PIT,328,5,7,35
2002,1,15,2,1840,2000,743,80,RDU,PIT,328,7,9,-5
2002,1,16,3,1840,2000,743,80,RDU,PIT,328,8,8,1
2002,1,17,4,1840,2000,743,80,RDU,PIT,328,8,8,-9
2002,1,18,5,1840,2000,743,80,RDU,PIT,328,6,11,-10
2002,1,20,7,1840,2000,743,80,RDU,PIT,328,8,14,-12
2002,1,21,1,1840,2000,743,80,RDU,PIT,328,7,9,1
2002,1,22,2,1840,2000,743,80,RDU,PIT,328,7,9,96
2002,1,23,3,1840,2000,743,80,RDU,PIT,328,4,34,13
2002,1,24,4,1840,2000,743,80,RDU,PIT,328,6,7,1
2002,1,25,5,1840,2000,743,80,RDU,PIT,328,7,17,-7
2002,1,27,7,1840,2000,743,80,RDU,PIT,328,7,9,-16
2002,1,28,1,1840,2000,743,80,RDU,PIT,328,7,9,-6
2002,1,29,2,1840,2000,743,80,RDU,PIT,328,7,10,-4
2002,1,30,3,1840,2000,743,80,RDU,PIT,328,6,18,6
2002,1,31,4,1840,2000,743,80,RDU,PIT,328,6,13,6
2002,1,1,2,700,1047,744,167,IAH,PIT,1117,3,10,-21
2002,1,2,3,700,1047,744,167,IAH,PIT,1117,6,11,-16
2002,1,3,4,700,1047,744,167,IAH,PIT,1117,6,10,-17
2002,1,4,5,700,1047,744,167,IAH,PIT,1117,8,17,16
2002,1,5,6,700,1047,744,167,IAH,PIT,1117,5,15,-19
2002,1,6,7,700,1042,744,162,IAH,PIT,1117,10,10,0
2002,1,7,1,700,1042,744,162,IAH,PIT,1117,6,9,-4
2002,1,8,2,700,1042,744,162,IAH,PIT,1117,10,8,18
2002,1,9,3,700,1042,744,162,IAH,PIT,1117,4,10,19
2002,1,10,4,700,1042,744,162,IAH,PIT,1117,8,15,11
2002,1,11,5,700,1042,744,162,IAH,PIT,1117,4,18,3
2002,1,12,6,700,1042,744,162,IAH,PIT,1117,5,13,-15
2002,1,13,7,700,1042,744,162,IAH,PIT,1117,6,12,-1
2002,1,14,1,700,1042,744,162,IAH,PIT,1117,5,10,-27
2002,1,15,2,700,1042,744,162,IAH,PIT,1117,7,13,5
2002,1,16,3,700,1042,744,162,IAH,PIT,1117,6,9,-17
2002,1,17,4,700,1042,744,162,IAH,PIT,1117,6,17,-11
2002,1,18,5,700,1042,744,162,IAH,PIT,1117,5,12,-1
2002,1,19,6,700,1042,744,162,IAH,PIT,1117,11,10,-25
2002,1,20,7,700,1042,744,162,IAH,PIT,1117,8,10,-23
2002,1,21,1,700,1042,744,162,IAH,PIT,1117,6,11,-8
2002,1,22,2,700,1042,744,162,IAH,PIT,1117,6,16,-16
2002,1,23,3,700,1042,744,162,IAH,PIT,1117,6,20,-8
2002,1,24,4,700,1042,744,162,IAH,PIT,1117,4,8,-25
2002,1,25,5,700,1042,744,162,IAH,PIT,1117,7,19,7
2002,1,26,6,700,1042,744,162,IAH,PIT,1117,5,9,-13
2002,1,27,7,700,1042,744,162,IAH,PIT,1117,6,10,5
2002,1,28,1,700,1042,744,162,IAH,PIT,1117,7,15,13
2002,1,29,2,700,1042,744,162,IAH,PIT,1117,5,13,-10
2002,1,30,3,700,1042,744,162,IAH,PIT,1117,5,11,21
2002,1,31,4,700,1042,744,162,IAH,PIT,1117,3,8,-9
2002,1,1,2,1130,1311,744,101,PIT,BOS,496,5,11,-17
2002,1,2,3,1130,1311,744,101,PIT,BOS,496,8,13,0
2002,1,3,4,1130,1311,744,101,PIT,BOS,496,4,10,-16
2002,1,4,5,1130,1311,744,101,PIT,BOS,496,8,16,110
2002,1,5,6,1130,1311,744,101,PIT,BOS,496,9,10,-8
2002,1,6,7,1130,1307,744,97,PIT,BOS,496,11,43,40
2002,1,7,1,1130,1307,744,97,PIT,BOS,496,6,26,36
2002,1,8,2,1130,1307,744,97,PIT,BOS,496,7,13,-8
2002,1,10,4,1130,1307,744,97,PIT,BOS,496,6,14,-11
2002,1,11,5,1130,1307,744,97,PIT,BOS,496,4,10,-17
2002,1,12,6,1130,1307,744,97,PIT,BOS,496,5,10,-19
2002,1,13,7,1130,1307,744,97,PIT,BOS,496,7,11,31
2002,1,14,1,1130,1307,744,97,PIT,BOS,496,5,16,-10
2002,1,15,2,1130,1307,744,97,PIT,BOS,496,15,11,-10
2002,1,16,3,1130,1307,744,97,PIT,BOS,496,7,11,-10
2002,1,17,4,1130,1307,744,97,PIT,BOS,496,4,9,-21
2002,1,18,5,1130,1307,744,97,PIT,BOS,496,5,13,2
2002,1,19,6,1130,1307,744,97,PIT,BOS,496,5,15,-21
2002,1,20,7,1130,1307,744,97,PIT,BOS,496,5,9,-21
2002,1,21,1,1130,1307,744,97,PIT,BOS,496,6,9,-25
2002,1,22,2,1130,1307,744,97,PIT,BOS,496,10,13,-15
2002,1,23,3,1130,1307,744,97,PIT,BOS,496,6,14,-4
2002,1,24,4,1130,1307,744,97,PIT,BOS,496,8,8,-18
2002,1,25,5,1130,1307,744,97,PIT,BOS,496,5,11,-16
2002,1,26,6,1130,1307,744,97,PIT,BOS,496,5,12,-24
2002,1,27,7,1130,1307,744,97,PIT,BOS,496,7,8,-17
2002,1,28,1,1130,1307,744,97,PIT,BOS,496,6,14,3
2002,1,29,2,1130,1307,744,97,PIT,BOS,496,5,12,-25
2002,1,30,3,1130,1307,744,97,PIT,BOS,496,7,18,1
2002,2,5,2,1135,1232,710,57,PIT,DCA,205,3,16,-2
2002,2,6,3,1135,1232,710,57,PIT,DCA,205,5,12,-10
2002,2,7,4,1135,1232,710,57,PIT,DCA,205,2,17,14
2002,2,8,5,1135,1232,710,57,PIT,DCA,205,5,21,2
2002,2,9,6,1135,1232,710,57,PIT,DCA,205,4,17,-4
2002,2,10,7,1135,1232,710,57,PIT,DCA,205,0,0,NA
2002,2,11,1,1135,1232,710,57,PIT,DCA,205,3,17,-4
2002,2,12,2,1135,1232,710,57,PIT,DCA,205,7,18,-2
2002,2,13,3,1135,1232,710,57,PIT,DCA,205,4,21,1
2002,2,14,4,1135,1232,710,57,PIT,DCA,205,8,17,6
2002,2,15,5,1135,1232,710,57,PIT,DCA,205,4,22,5
2002,2,16,6,1135,1232,710,57,PIT,DCA,205,4,13,15
2002,2,17,7,1135,1232,710,57,PIT,DCA,205,3,20,23
2002,2,18,1,1135,1232,710,57,PIT,DCA,205,3,20,-1
2002,2,19,2,1135,1232,710,57,PIT,DCA,205,5,17,1
2002,2,20,3,1135,1232,710,57,PIT,DCA,205,5,18,6
2002,2,21,4,1135,1232,710,57,PIT,DCA,205,4,17,2
2002,2,22,5,1135,1232,710,57,PIT,DCA,205,4,22,5
2002,2,23,6,1135,1232,710,57,PIT,DCA,205,4,21,18
2002,2,24,7,1135,1232,710,57,PIT,DCA,205,2,15,1
2002,2,25,1,1135,1232,710,57,PIT,DCA,205,5,19,2
2002,2,26,2,1135,1232,710,57,PIT,DCA,205,7,13,-7
2002,2,27,3,1135,1232,710,57,PIT,DCA,205,5,17,-1
2002,2,28,4,1135,1232,710,57,PIT,DCA,205,7,24,19
2002,2,1,5,710,855,711,105,IND,PHL,587,9,15,17
2002,2,2,6,710,855,711,105,IND,PHL,587,26,10,9
2002,2,3,7,715,900,711,105,IND,PHL,587,3,7,-20
2002,2,4,1,715,900,711,105,IND,PHL,587,4,11,-11
2002,2,5,2,715,900,711,105,IND,PHL,587,4,22,2
2002,2,6,3,715,900,711,105,IND,PHL,587,4,8,4
2002,2,7,4,715,900,711,105,IND,PHL,587,5,13,10
2002,2,8,5,715,900,711,105,IND,PHL,587,2,30,11
2002,2,9,6,715,900,711,105,IND,PHL,587,4,16,4
2002,2,10,7,715,900,711,105,IND,PHL,587,12,9,-6
2002,2,11,1,715,900,711,105,IND,PHL,587,9,13,10
2002,2,12,2,715,900,711,105,IND,PHL,587,7,11,6
2002,2,13,3,715,900,711,105,IND,PHL,587,4,13,-9
2002,2,14,4,715,900,711,105,IND,PHL,587,8,19,1
2002,2,15,5,715,900,711,105,IND,PHL,587,3,16,-2
2002,2,16,6,715,900,711,105,IND,PHL,587,9,10,-6
2002,2,17,7,715,900,711,105,IND,PHL,587,5,12,-11
2002,2,18,1,715,900,711,105,IND,PHL,587,6,14,11
2002,2,19,2,715,900,711,105,IND,PHL,587,5,17,-5
2002,2,20,3,715,900,711,105,IND,PHL,587,3,12,1
2002,2,21,4,715,900,711,105,IND,PHL,587,9,14,18
2002,2,22,5,715,900,711,105,IND,PHL,587,4,17,8
2002,2,23,6,715,900,711,105,IND,PHL,587,7,10,-6
2002,2,24,7,715,900,711,105,IND,PHL,587,5,13,7
2002,2,25,1,715,900,711,105,IND,PHL,587,3,14,-4
2002,2,26,2,715,900,711,105,IND,PHL,587,5,22,12
2002,2,27,3,715,900,711,105,IND,PHL,587,15,80,62
2002,2,28,4,715,900,711,105,IND,PHL,587,9,19,16
2002,2,1,5,945,1052,711,67,PHL,PVD,238,5,35,7
2002,2,2,6,945,1052,711,67,PHL,PVD,238,4,12,-15
2002,2,3,7,945,1052,711,67,PHL,PVD,238,3,11,-9
2002,2,4,1,945,1052,711,67,PHL,PVD,238,6,17,-6
2002,2,5,2,945,1052,711,67,PHL,PVD,238,4,38,17
2002,2,6,3,945,1052,711,67,PHL,PVD,238,4,20,1
2002,2,7,4,945,1052,711,67,PHL,PVD,238,3,10,-15
2002,2,8,5,945,1052,711,67,PHL,PVD,238,3,16,-1
2002,2,9,6,945,1052,711,67,PHL,PVD,238,5,42,18
2002,2,10,7,945,1052,711,67,PHL,PVD,238,5,13,-13
2002,2,11,1,945,1052,711,67,PHL,PVD,238,3,10,57
2002,2,12,2,945,1052,711,67,PHL,PVD,238,4,26,7
2002,2,13,3,945,1052,711,67,PHL,PVD,238,4,20,-3
2002,2,14,4,945,1052,711,67,PHL,PVD,238,4,22,-2
2002,2,15,5,945,1052,711,67,PHL,PVD,238,5,25,51
2002,2,16,6,945,1052,711,67,PHL,PVD,238,4,14,-5
2002,2,17,7,945,1052,711,67,PHL,PVD,238,5,20,-5
2002,2,18,1,945,1052,711,67,PHL,PVD,238,4,20,15
2002,2,19,2,945,1052,711,67,PHL,PVD,238,5,18,1
2002,2,20,3,945,1052,711,67,PHL,PVD,238,3,16,-3
2002,2,21,4,945,1052,711,67,PHL,PVD,238,5,32,22
2002,2,22,5,945,1052,711,67,PHL,PVD,238,4,33,13
2002,2,23,6,945,1052,711,67,PHL,PVD,238,5,18,19
2002,2,24,7,945,1052,711,67,PHL,PVD,238,5,29,16
2002,2,25,1,945,1052,711,67,PHL,PVD,238,5,24,13
2002,2,26,2,945,1052,711,67,PHL,PVD,238,3,37,26
2002,2,27,3,945,1052,711,67,PHL,PVD,238,3,33,48
2002,2,28,4,945,1052,711,67,PHL,PVD,238,6,31,13
2002,2,1,5,2100,2135,712,95,PIT,MKE,431,3,14,-9
2002,2,2,6,2100,2135,712,95,PIT,MKE,431,4,11,35
2002,2,1,5,1830,2009,712,99,PVD,PIT,467,5,12,22
2002,2,2,6,1830,2009,712,99,PVD,PIT,467,3,8,-14
2002,2,3,7,1830,2009,712,99,PVD,PIT,467,9,11,5
2002,2,4,1,1830,2009,712,99,PVD,PIT,467,7,9,-11
2002,2,5,2,1830,2009,712,99,PVD,PIT,467,7,19,4
2002,2,6,3,1830,2009,712,99,PVD,PIT,467,7,11,-17
2002,2,7,4,1830,2009,712,99,PVD,PIT,467,9,21,8
2002,2,8,5,1830,2009,712,99,PVD,PIT,467,9,12,2
2002,2,9,6,1830,2009,712,99,PVD,PIT,467,5,10,-7
2002,2,10,7,1830,2009,712,99,PVD,PIT,467,8,11,6
2002,2,11,1,1830,2009,712,99,PVD,PIT,467,8,12,-19
2002,2,12,2,1830,2009,712,99,PVD,PIT,467,3,10,15
2002,2,13,3,1830,2009,712,99,PVD,PIT,467,8,11,-10
2002,2,14,4,1830,2009,712,99,PVD,PIT,467,7,13,-11
2002,2,15,5,1830,2009,712,99,PVD,PIT,467,8,9,-9
2002,2,16,6,1830,2009,712,99,PVD,PIT,467,5,8,34
2002,2,17,7,1830,2009,712,99,PVD,PIT,467,6,10,-12
2002,2,18,1,1830,2009,712,99,PVD,PIT,467,9,11,-7
2002,2,19,2,1830,2009,712,99,PVD,PIT,467,8,12,13
2002,2,20,3,1830,2009,712,99,PVD,PIT,467,6,10,17
2002,2,21,4,1830,2009,712,99,PVD,PIT,467,6,11,20
2002,2,22,5,1830,2009,712,99,PVD,PIT,467,11,13,-3
2002,2,23,6,1830,2009,712,99,PVD,PIT,467,7,13,6
2002,2,24,7,1830,2009,712,99,PVD,PIT,467,6,11,-12
2002,2,25,1,1830,2009,712,99,PVD,PIT,467,3,10,-16
2002,2,26,2,1830,2009,712,99,PVD,PIT,467,6,9,0
2002,2,27,3,1830,2009,712,99,PVD,PIT,467,5,12,-1
2002,2,28,4,1830,2009,712,99,PVD,PIT,467,8,8,2
2002,2,1,5,1205,1308,714,123,CLT,ORD,599,0,0,NA
2002,2,2,6,1205,1308,714,123,CLT,ORD,599,4,11,-23
2002,2,4,1,1205,1308,714,123,CLT,ORD,599,9,29,35
2002,2,5,2,1205,1308,714,123,CLT,ORD,599,3,14,-17
2002,2,6,3,1205,1308,714,123,CLT,ORD,599,3,12,-17
2002,2,7,4,1205,1308,714,123,CLT,ORD,599,5,18,-15
2002,2,8,5,1205,1308,714,123,CLT,ORD,599,3,13,-20
2002,2,9,6,1205,1308,714,123,CLT,ORD,599,3,16,-18
2002,2,11,1,1205,1308,714,123,CLT,ORD,599,7,18,-7
2002,2,12,2,1205,1308,714,123,CLT,ORD,599,4,8,-20
2002,2,13,3,1205,1308,714,123,CLT,ORD,599,4,12,-12
2002,2,14,4,1205,1308,714,123,CLT,ORD,599,5,17,-14
2002,2,15,5,1205,1308,714,123,CLT,ORD,599,3,11,-20
2002,2,16,6,1205,1308,714,123,CLT,ORD,599,4,9,0
2002,2,18,1,1205,1308,714,123,CLT,ORD,599,6,9,-17
2002,2,19,2,1205,1308,714,123,CLT,ORD,599,5,18,11
2002,2,20,3,1205,1308,714,123,CLT,ORD,599,6,14,11
2002,2,21,4,1205,1308,714,123,CLT,ORD,599,3,27,4
2002,2,22,5,1205,1308,714,123,CLT,ORD,599,7,7,-12
2002,2,23,6,1205,1308,714,123,CLT,ORD,599,4,12,-23
2002,2,25,1,1205,1308,714,123,CLT,ORD,599,8,20,-5
2002,2,26,2,1205,1308,714,123,CLT,ORD,599,5,15,-9
2002,2,28,4,1205,1308,714,123,CLT,ORD,599,4,13,-11
2002,2,1,5,920,1113,714,113,PBI,CLT,590,21,16,9
2002,2,2,6,920,1113,714,113,PBI,CLT,590,13,14,15
2002,2,3,7,920,1113,714,113,PBI,CLT,590,10,11,6
2002,2,4,1,920,1113,714,113,PBI,CLT,590,4,15,2
2002,2,5,2,920,1113,714,113,PBI,CLT,590,6,14,-2
2002,2,6,3,920,1113,714,113,PBI,CLT,590,6,12,6
2002,2,7,4,920,1113,714,113,PBI,CLT,590,18,11,5
2002,2,8,5,920,1113,714,113,PBI,CLT,590,6,15,-2
2002,2,9,6,920,1113,714,113,PBI,CLT,590,5,11,-2
2002,2,10,7,920,1113,714,113,PBI,CLT,590,8,15,11
2002,2,11,1,920,1113,714,113,PBI,CLT,590,6,10,-5
2002,2,12,2,920,1113,714,113,PBI,CLT,590,5,12,-8
2002,2,13,3,920,1113,714,113,PBI,CLT,590,4,15,-3
2002,2,14,4,920,1113,714,113,PBI,CLT,590,5,17,-7
2002,2,15,5,920,1113,714,113,PBI,CLT,590,5,14,2
2002,2,16,6,920,1113,714,113,PBI,CLT,590,21,15,5
2002,2,17,7,920,1113,714,113,PBI,CLT,590,5,16,-2
2002,2,18,1,920,1113,714,113,PBI,CLT,590,5,14,-1
2002,2,19,2,920,1113,714,113,PBI,CLT,590,4,11,-10
2002,2,20,3,920,1113,714,113,PBI,CLT,590,4,14,3
2002,2,21,4,920,1113,714,113,PBI,CLT,590,10,12,-7
2002,2,22,5,920,1113,714,113,PBI,CLT,590,13,13,-12
2002,2,23,6,920,1113,714,113,PBI,CLT,590,8,11,-1
2002,2,24,7,920,1113,714,113,PBI,CLT,590,10,11,9
2002,2,25,1,920,1113,714,113,PBI,CLT,590,10,11,-2
2002,2,26,2,920,1113,714,113,PBI,CLT,590,5,10,-17
2002,2,27,3,920,1113,714,113,PBI,CLT,590,13,12,17
2002,2,28,4,920,1113,714,113,PBI,CLT,590,6,14,-11
2002,2,1,5,1715,1807,715,52,CLT,MYR,156,4,10,1
2002,2,2,6,1715,1807,715,52,CLT,MYR,156,6,23,2
2002,2,3,7,1715,1807,715,52,CLT,MYR,156,3,20,-9
2002,2,4,1,1715,1807,715,52,CLT,MYR,156,4,14,-8
2002,2,5,2,1715,1807,715,52,CLT,MYR,156,3,18,-7
2002,2,6,3,1715,1807,715,52,CLT,MYR,156,3,16,-6
2002,2,7,4,1715,1807,715,52,CLT,MYR,156,4,13,6
2002,2,8,5,1715,1807,715,52,CLT,MYR,156,5,21,0
2002,2,9,6,1715,1807,715,52,CLT,MYR,156,4,15,4
2002,2,10,7,1715,1807,715,52,CLT,MYR,156,4,23,1
2002,2,11,1,1715,1807,715,52,CLT,MYR,156,3,18,-4
2002,2,12,2,1715,1807,715,52,CLT,MYR,156,5,16,-4
2002,2,13,3,1715,1807,715,52,CLT,MYR,156,5,18,-3
2002,2,14,4,1715,1807,715,52,CLT,MYR,156,4,19,1
2002,2,15,5,1715,1807,715,52,CLT,MYR,156,4,23,-1
2002,2,16,6,1715,1807,715,52,CLT,MYR,156,6,14,-1
2002,2,17,7,1715,1807,715,52,CLT,MYR,156,3,26,6
2002,2,18,1,1715,1807,715,52,CLT,MYR,156,3,19,-5
2002,2,19,2,1715,1807,715,52,CLT,MYR,156,5,20,-3
2002,2,20,3,1715,1807,715,52,CLT,MYR,156,5,22,1
2002,2,21,4,1715,1807,715,52,CLT,MYR,156,3,9,2
2002,2,22,5,1715,1807,715,52,CLT,MYR,156,5,23,1
2002,2,23,6,1715,1807,715,52,CLT,MYR,156,2,22,6
2002,2,24,7,1715,1807,715,52,CLT,MYR,156,3,19,-5
2002,2,25,1,1715,1807,715,52,CLT,MYR,156,5,19,-1
2002,2,26,2,1715,1807,715,52,CLT,MYR,156,4,26,1
2002,2,27,3,1715,1807,715,52,CLT,MYR,156,3,38,18
2002,2,28,4,1715,1807,715,52,CLT,MYR,156,5,22,0
2002,2,1,5,1000,1320,716,140,MSY,PIT,918,4,10,-20
2002,2,2,6,1000,1320,716,140,MSY,PIT,918,6,9,-9
2002,2,1,5,1405,1504,716,59,PIT,DCA,205,7,19,8
2002,2,2,6,1405,1504,716,59,PIT,DCA,205,3,16,-7
2002,2,3,7,1410,1509,716,59,PIT,DCA,205,11,14,-2
2002,2,4,1,1410,1509,716,59,PIT,DCA,205,2,24,19
2002,2,5,2,1410,1509,716,59,PIT,DCA,205,3,21,3
2002,2,6,3,1410,1509,716,59,PIT,DCA,205,4,18,-3
2002,2,7,4,1410,1509,716,59,PIT,DCA,205,3,15,-2
2002,2,8,5,1410,1509,716,59,PIT,DCA,205,5,18,15
2002,2,9,6,1410,1509,716,59,PIT,DCA,205,5,11,6
2002,2,10,7,1410,1509,716,59,PIT,DCA,205,7,14,0
2002,2,11,1,1410,1509,716,59,PIT,DCA,205,4,18,-1
2002,2,12,2,1410,1509,716,59,PIT,DCA,205,4,15,-9
2002,2,13,3,1410,1509,716,59,PIT,DCA,205,2,16,3
2002,2,14,4,1410,1509,716,59,PIT,DCA,205,4,16,-2
2002,2,15,5,1410,1509,716,59,PIT,DCA,205,4,19,-5
2002,2,16,6,1410,1509,716,59,PIT,DCA,205,3,20,-4
2002,2,17,7,1410,1509,716,59,PIT,DCA,205,5,17,-4
2002,2,18,1,1410,1509,716,59,PIT,DCA,205,2,13,22
2002,2,19,2,1410,1509,716,59,PIT,DCA,205,5,14,6
2002,2,20,3,1410,1509,716,59,PIT,DCA,205,4,21,7
2002,2,21,4,1410,1509,716,59,PIT,DCA,205,2,17,-2
2002,2,22,5,1410,1509,716,59,PIT,DCA,205,4,13,-11
2002,2,23,6,1410,1509,716,59,PIT,DCA,205,2,19,-5
2002,2,24,7,1410,1509,716,59,PIT,DCA,205,4,15,-2
2002,2,25,1,1410,1509,716,59,PIT,DCA,205,5,16,-9
2002,2,26,2,1410,1509,716,59,PIT,DCA,205,4,23,1
2002,2,27,3,1410,1509,716,59,PIT,DCA,205,4,15,-4
2002,2,28,4,1410,1509,716,59,PIT,DCA,205,3,22,5
2002,2,1,5,1815,1957,718,102,EWR,PIT,319,4,74,138
2002,2,2,6,1815,1957,718,102,EWR,PIT,319,6,15,-16
2002,2,1,5,2246,29,719,103,CLT,LGA,544,4,14,-19
2002,2,1,5,2042,2154,719,72,JAX,CLT,329,10,7,52
2002,2,3,7,2040,2152,719,72,JAX,CLT,329,5,8,-8
2002,2,4,1,2040,2152,719,72,JAX,CLT,329,5,10,3
2002,2,5,2,2040,2152,719,72,JAX,CLT,329,5,11,1
2002,2,6,3,2040,2152,719,72,JAX,CLT,329,5,10,-9
2002,2,7,4,2040,2152,719,72,JAX,CLT,329,5,10,0
2002,2,8,5,2040,2152,719,72,JAX,CLT,329,3,7,-17
2002,2,10,7,2040,2152,719,72,JAX,CLT,329,6,13,20
2002,2,11,1,2040,2152,719,72,JAX,CLT,329,6,11,-3
2002,2,12,2,2040,2152,719,72,JAX,CLT,329,3,12,-9
2002,2,13,3,2040,2152,719,72,JAX,CLT,329,4,9,-5
2002,2,14,4,2040,2152,719,72,JAX,CLT,329,7,12,-4
2002,2,15,5,2040,2152,719,72,JAX,CLT,329,5,18,3
2002,2,17,7,2040,2152,719,72,JAX,CLT,329,8,9,2
2002,2,18,1,2040,2152,719,72,JAX,CLT,329,5,10,-2
2002,2,19,2,2040,2152,719,72,JAX,CLT,329,5,6,-15
2002,2,20,3,2040,2152,719,72,JAX,CLT,329,4,10,-5
2002,2,21,4,2040,2152,719,72,JAX,CLT,329,6,8,-4
2002,2,22,5,2040,2152,719,72,JAX,CLT,329,3,7,2
2002,2,24,7,2040,2152,719,72,JAX,CLT,329,5,8,-1
2002,2,25,1,2040,2152,719,72,JAX,CLT,329,6,7,3
2002,2,26,2,2040,2152,719,72,JAX,CLT,329,4,9,-11
2002,2,27,3,2040,2152,719,72,JAX,CLT,329,6,9,-3
2002,2,28,4,2040,2152,719,72,JAX,CLT,329,5,11,71
2002,2,1,5,2030,2140,720,70,IND,PIT,325,7,13,-12
2002,2,2,6,2030,2140,720,70,IND,PIT,325,7,8,-17
2002,2,3,7,2030,2140,720,70,IND,PIT,325,7,9,-17
2002,2,4,1,2030,2140,720,70,IND,PIT,325,10,10,30
2002,2,5,2,2030,2140,720,70,IND,PIT,325,6,7,-10
2002,2,6,3,2030,2140,720,70,IND,PIT,325,7,10,-10
2002,2,7,4,2030,2140,720,70,IND,PIT,325,6,7,10
2002,2,8,5,2030,2140,720,70,IND,PIT,325,6,9,-18
2002,2,9,6,2030,2140,720,70,IND,PIT,325,11,10,-13
2002,2,10,7,2030,2140,720,70,IND,PIT,325,5,7,-20
2002,2,11,1,2030,2140,720,70,IND,PIT,325,11,9,-4
2002,2,12,2,2030,2140,720,70,IND,PIT,325,5,9,-7
2002,2,13,3,2030,2140,720,70,IND,PIT,325,6,8,-16
2002,2,14,4,2030,2140,720,70,IND,PIT,325,7,10,-18
2002,2,15,5,2030,2140,720,70,IND,PIT,325,5,8,-17
2002,2,16,6,2030,2140,720,70,IND,PIT,325,8,11,-9
2002,2,17,7,2030,2140,720,70,IND,PIT,325,7,17,4
2002,2,18,1,2030,2140,720,70,IND,PIT,325,8,9,-7
2002,2,19,2,2030,2140,720,70,IND,PIT,325,4,11,-2
2002,2,20,3,2030,2140,720,70,IND,PIT,325,11,13,2
2002,2,21,4,2030,2140,720,70,IND,PIT,325,5,10,-1
2002,2,22,5,2030,2140,720,70,IND,PIT,325,10,12,-9
2002,2,23,6,2030,2140,720,70,IND,PIT,325,6,9,-13
2002,2,24,7,2030,2140,720,70,IND,PIT,325,8,10,-6
2002,2,25,1,2030,2140,720,70,IND,PIT,325,7,15,-13
2002,2,26,2,2030,2140,720,70,IND,PIT,325,6,9,-14
2002,2,27,3,2030,2140,720,70,IND,PIT,325,8,10,-6
2002,2,28,4,2030,2140,720,70,IND,PIT,325,7,11,2
2002,2,3,7,2225,2350,720,85,PIT,BTV,454,4,17,-9
2002,2,4,1,2225,2350,720,85,PIT,BTV,454,5,17,16
2002,2,5,2,2225,2350,720,85,PIT,BTV,454,4,14,-6
2002,2,6,3,2225,2350,720,85,PIT,BTV,454,4,24,2
2002,2,7,4,2225,2350,720,85,PIT,BTV,454,5,9,23
2002,2,8,5,2225,2350,720,85,PIT,BTV,454,4,20,-3
2002,2,9,6,2225,2350,720,85,PIT,BTV,454,2,10,-18
2002,2,10,7,2225,2350,720,85,PIT,BTV,454,6,10,-15
2002,2,11,1,2225,2350,720,85,PIT,BTV,454,3,16,-10
2002,2,12,2,2225,2350,720,85,PIT,BTV,454,4,13,149
2002,2,13,3,2225,2350,720,85,PIT,BTV,454,4,10,-17
2002,2,14,4,2225,2350,720,85,PIT,BTV,454,3,14,-6
2002,2,15,5,2225,2350,720,85,PIT,BTV,454,5,13,-11
2002,2,16,6,2225,2350,720,85,PIT,BTV,454,3,32,7
2002,2,17,7,2225,2350,720,85,PIT,BTV,454,5,17,6
2002,2,18,1,2225,2350,720,85,PIT,BTV,454,3,11,-11
2002,2,19,2,2225,2350,720,85,PIT,BTV,454,4,12,-12
2002,2,20,3,2225,2350,720,85,PIT,BTV,454,3,16,-12
2002,2,21,4,2225,2350,720,85,PIT,BTV,454,2,33,6
2002,2,22,5,2225,2350,720,85,PIT,BTV,454,4,12,-2
2002,2,23,6,2225,2350,720,85,PIT,BTV,454,4,13,-6
2002,2,24,7,2225,2350,720,85,PIT,BTV,454,3,14,-11
2002,2,25,1,2225,2350,720,85,PIT,BTV,454,5,16,-10
2002,2,26,2,2225,2350,720,85,PIT,BTV,454,4,21,-2
2002,2,27,3,2225,2350,720,85,PIT,BTV,454,3,12,-13
2002,2,28,4,2225,2350,720,85,PIT,BTV,454,2,13,-12
2002,2,1,5,2050,2141,721,51,CLT,RDU,130,6,10,-11
2002,2,2,6,2050,2141,721,51,CLT,RDU,130,3,11,-17
2002,2,3,7,2050,2141,721,51,CLT,RDU,130,3,13,-11
2002,2,4,1,2050,2141,721,51,CLT,RDU,130,9,15,1
2002,2,5,2,2050,2141,721,51,CLT,RDU,130,3,9,-16
2002,2,6,3,2050,2141,721,51,CLT,RDU,130,4,15,-2
2002,2,7,4,2050,2141,721,51,CLT,RDU,130,3,14,-5
2002,2,8,5,2050,2141,721,51,CLT,RDU,130,5,13,-3
2002,2,9,6,2050,2141,721,51,CLT,RDU,130,2,12,-18
