Year,Month,30ofMonth,30OfWeek,CRSDepTime,CRSArrTime,FlightNum,CRSElapsedTime,AirTime,Origin,Dest,Distance,TaxiIn,TaxiOut,Delayed or not
2002,1,13,7,2235,2353,723,78,55,1,3,366,3,13,Not Delayed 
2002,1,14,1,2235,2353,723,78,60,1,3,366,3,14,Not Delayed 
2002,1,15,2,2235,2353,723,78,55,1,3,366,3,14,Not Delayed 
2002,1,16,3,2235,2353,723,78,57,1,3,366,3,10,Not Delayed 
2002,1,17,4,2235,2353,723,78,60,1,3,366,5,13,Not Delayed 
2002,1,18,5,2235,2353,723,78,59,1,3,366,5,15,Not Delayed 
2002,1,19,6,2235,2353,723,78,56,1,3,366,4,13,Not Delayed 
2002,1,20,7,2235,2353,723,78,59,1,3,366,5,9,Not Delayed 
2002,1,21,1,2235,2353,723,78,57,1,3,366,4,12,Not Delayed 
2002,1,22,2,2235,2353,723,78,63,1,3,366,5,13,Not Delayed 
2002,1,23,3,2235,2353,723,78,62,1,3,366,5,11,Not Delayed 
2002,1,24,4,2235,2353,723,78,65,1,3,366,4,10,Not Delayed 
2002,1,25,5,2235,2353,723,78,55,1,3,366,4,16,Not Delayed 
2002,1,26,6,2235,2353,723,78,50,1,3,366,8,9,Not Delayed 
2002,1,27,7,2235,2353,723,78,52,1,3,366,4,14,Not Delayed 
2002,1,28,1,2235,2353,723,78,53,1,3,366,3,10,Not Delayed 
2002,1,29,2,2235,2353,723,78,54,1,3,366,3,11,Not Delayed 
2002,1,30,3,2235,2353,723,78,54,1,3,366,4,12,Not Delayed 
2002,1,31,4,2235,2353,723,78,55,1,3,366,7,10,Not Delayed 
2002,1,6,7,745,912,724,87,65,2,4,363,7,14,Not Delayed 
2002,1,7,1,745,912,724,87,61,2,4,363,8,11,Not Delayed 
2002,1,8,2,745,912,724,87,67,2,4,363,9,15,Delayed
2002,1,9,3,745,912,724,87,73,2,4,363,6,15,Delayed
2002,1,10,4,745,912,724,87,73,2,4,363,6,11,Not Delayed 
2002,1,11,5,745,912,724,87,65,2,4,363,6,16,Not Delayed 
2002,1,12,6,745,912,724,87,64,2,4,363,7,14,Not Delayed 
2002,1,13,7,745,912,724,87,64,2,4,363,6,33,Delayed
2002,1,14,1,745,912,724,87,62,2,4,363,7,31,Delayed
2002,1,15,2,745,912,724,87,67,2,4,363,5,11,Not Delayed 
2002,1,16,3,745,912,724,87,71,2,4,363,5,10,Not Delayed 
2002,1,17,4,745,912,724,87,75,2,4,363,7,10,Delayed
2002,1,18,5,745,912,724,87,75,2,4,363,6,11,Delayed
2002,1,19,6,745,912,724,87,71,2,4,363,7,12,Not Delayed 
2002,1,20,7,745,912,724,87,67,2,4,363,4,64,Delayed
2002,1,21,1,745,912,724,87,74,2,4,363,10,27,Delayed
2002,1,22,2,745,912,724,87,68,2,4,363,5,14,Not Delayed 
2002,1,23,3,745,912,724,87,71,2,4,363,5,11,Not Delayed 
2002,1,24,4,745,912,724,87,76,2,4,363,5,26,Delayed
2002,1,25,5,745,912,724,87,71,2,4,363,6,12,Not Delayed 
2002,1,26,6,745,912,724,87,64,2,4,363,7,15,Not Delayed 
2002,1,27,7,745,912,724,87,63,2,4,363,4,10,Not Delayed 
2002,1,28,1,745,912,724,87,64,2,4,363,7,15,Not Delayed 
2002,1,29,2,745,912,724,87,67,2,4,363,6,18,Not Delayed 
2002,1,30,3,745,912,724,87,75,2,4,363,4,13,Not Delayed 
2002,1,31,4,745,912,724,87,73,2,4,363,5,11,Delayed
2002,1,1,2,1620,1752,725,92,74,1,11,467,4,14,Not Delayed 
2002,1,2,3,1620,1752,725,92,68,1,11,467,7,31,Delayed
2002,1,3,4,1620,1752,725,92,76,1,11,467,4,10,Not Delayed 
2002,1,4,5,1620,1752,725,92,70,1,11,467,4,8,Delayed
2002,1,5,6,1620,1752,725,92,63,1,11,467,5,11,Not Delayed 
2002,1,1,2,755,1040,726,105,68,5,1,553,6,11,Not Delayed 
2002,1,2,3,755,1040,726,105,70,5,1,553,7,20,Not Delayed 
2002,1,3,4,755,1040,726,105,82,5,1,553,6,17,Not Delayed 
2002,1,4,5,755,1040,726,105,80,5,1,553,5,18,Not Delayed 
2002,1,5,6,755,1040,726,105,75,5,1,553,6,17,Not Delayed 
2002,1,6,7,755,1037,726,102,92,5,1,553,6,15,Delayed
2002,1,8,2,755,1037,726,102,87,5,1,553,9,26,Delayed
2002,1,9,3,755,1037,726,102,73,5,1,553,7,13,Delayed
2002,1,10,4,755,1037,726,102,68,5,1,553,6,19,Not Delayed 
2002,1,11,5,755,1037,726,102,73,5,1,553,7,25,Not Delayed 
2002,1,12,6,755,1037,726,102,74,5,1,553,6,17,Not Delayed 
2002,1,13,7,755,1037,726,102,76,5,1,553,5,19,Not Delayed 
2002,1,14,1,755,1037,726,102,68,5,1,553,6,17,Not Delayed 
2002,1,15,2,755,1037,726,102,78,5,1,553,5,13,Not Delayed 
2002,1,16,3,755,1037,726,102,70,5,1,553,4,28,Not Delayed 
2002,1,17,4,755,1037,726,102,61,5,1,553,7,17,Not Delayed 
2002,1,18,5,755,1037,726,102,66,5,1,553,9,22,Not Delayed 
2002,1,19,6,755,1037,726,102,65,5,1,553,10,19,Not Delayed 
2002,1,20,7,755,1037,726,102,65,5,1,553,8,12,Not Delayed 
2002,1,21,1,755,1037,726,102,80,5,1,553,7,27,Delayed
2002,1,22,2,755,1037,726,102,69,5,1,553,7,21,Not Delayed 
2002,1,23,3,755,1037,726,102,71,5,1,553,4,14,Not Delayed 
2002,1,24,4,755,1037,726,102,68,5,1,553,5,35,Not Delayed 
2002,1,25,5,755,1037,726,102,71,5,1,553,7,24,Not Delayed 
2002,1,26,6,755,1037,726,102,71,5,1,553,7,17,Not Delayed 
2002,1,27,7,755,1037,726,102,70,5,1,553,7,10,Not Delayed 
2002,1,28,1,755,1037,726,102,73,5,1,553,6,25,Delayed
2002,1,29,2,755,1037,726,102,75,5,1,553,4,25,Not Delayed 
2002,1,30,3,755,1037,726,102,67,5,1,553,5,10,Not Delayed 
2002,1,31,4,755,1037,726,102,68,5,1,553,6,16,Not Delayed 
2002,1,6,7,935,1118,728,103,73,3,6,546,7,14,Not Delayed 
2002,1,7,1,935,1118,728,103,76,3,6,546,5,20,Not Delayed 
2002,1,8,2,935,1118,728,103,79,3,6,546,3,22,Not Delayed 
2002,1,9,3,935,1118,728,103,90,3,6,546,3,24,Delayed
2002,1,10,4,935,1118,728,103,85,3,6,546,2,15,Not Delayed 
2002,1,11,5,935,1118,728,103,77,3,6,546,2,20,Not Delayed 
2002,1,12,6,935,1118,728,103,79,3,6,546,4,20,Not Delayed 
2002,1,13,7,935,1118,728,103,81,3,6,546,3,19,Not Delayed 
2002,1,14,1,935,1118,728,103,71,3,6,546,4,25,Not Delayed 
2002,1,15,2,935,1118,728,103,77,3,6,546,2,27,Not Delayed 
2002,1,16,3,935,1118,728,103,78,3,6,546,3,20,Not Delayed 
2002,1,17,4,935,1118,728,103,85,3,6,546,3,14,Not Delayed 
2002,1,18,5,935,1118,728,103,85,3,6,546,4,26,Delayed
2002,1,19,6,935,1118,728,103,69,3,6,546,2,28,Delayed
2002,1,20,7,935,1118,728,103,81,3,6,546,3,20,Not Delayed 
2002,1,21,1,935,1118,728,103,75,3,6,546,4,24,Delayed
2002,1,22,2,935,1118,728,103,74,3,6,546,3,30,Delayed
2002,1,23,3,935,1118,728,103,77,3,6,546,2,14,Not Delayed 
2002,1,24,4,935,1118,728,103,75,3,6,546,5,26,Not Delayed 
2002,2,23,6,930,1105,704,95,61,3,2,448,4,18,Not Delayed 
2002,2,24,7,930,1105,704,95,66,3,2,448,6,19,Delayed
2002,2,25,1,930,1105,704,95,66,3,2,448,3,17,Not Delayed 
2002,2,26,2,930,1105,704,95,65,3,2,448,3,14,Not Delayed 
2002,2,27,3,930,1105,704,95,63,3,2,448,8,13,Not Delayed 
2002,2,28,4,930,1105,704,95,64,3,2,448,3,13,Not Delayed 
2002,2,2,6,655,816,705,81,68,7,1,367,9,12,Delayed
2002,2,3,7,655,816,705,81,70,7,1,367,10,8,Delayed
2002,2,4,1,655,816,705,81,67,7,1,367,8,11,Delayed
2002,2,5,2,655,816,705,81,68,7,1,367,6,11,Not Delayed 
2002,2,6,3,655,816,705,81,74,7,1,367,7,29,Delayed
2002,2,7,4,655,816,705,81,67,7,1,367,8,11,Not Delayed 
2002,2,8,5,655,816,705,81,70,7,1,367,9,17,Delayed
2002,2,9,6,655,816,705,81,64,7,1,367,9,13,Not Delayed 
2002,2,10,7,655,816,705,81,66,7,1,367,4,8,Not Delayed 
2002,2,11,1,655,816,705,81,70,7,1,367,8,29,Delayed
2002,2,12,2,655,816,705,81,81,7,1,367,8,19,Delayed
2002,2,13,3,655,816,705,81,99,7,1,367,6,17,Delayed
2002,2,14,4,655,816,705,81,70,7,1,367,10,13,Delayed
2002,2,15,5,655,816,705,81,66,7,1,367,5,9,Not Delayed 
2002,2,16,6,655,816,705,81,63,7,1,367,8,9,Not Delayed 
2002,2,17,7,655,816,705,81,61,7,1,367,5,9,Delayed
2002,2,18,1,655,816,705,81,58,7,1,367,8,10,Not Delayed 
2002,2,19,2,655,816,705,81,76,7,1,367,5,14,Delayed
2002,2,20,3,655,816,705,81,68,7,1,367,6,10,Delayed
2002,2,21,4,655,816,705,81,86,7,1,367,6,12,Delayed
2002,2,22,5,655,816,705,81,66,7,1,367,9,13,Not Delayed 
2002,2,23,6,655,816,705,81,58,7,1,367,7,11,Not Delayed 
2002,2,24,7,655,816,705,81,63,7,1,367,6,11,Not Delayed 
2002,2,25,1,655,816,705,81,66,7,1,367,7,12,Not Delayed 
2002,2,26,2,655,816,705,81,74,7,1,367,7,9,Delayed
2002,2,27,3,655,816,705,81,76,7,1,367,6,10,Delayed
2002,2,28,4,655,816,705,81,67,7,1,367,11,17,Delayed
2002,2,1,5,910,1004,705,114,102,1,5,553,11,19,Delayed
2002,2,2,6,910,1004,705,114,95,1,5,553,12,14,Delayed
2002,2,3,7,910,1004,705,114,100,1,5,553,5,13,Delayed
2002,2,4,1,910,1004,705,114,82,1,5,553,3,21,Delayed
2002,2,5,2,910,1004,705,114,87,1,5,553,7,23,Not Delayed 
2002,2,6,3,910,1004,705,114,80,1,5,553,13,11,Not Delayed 
2002,2,7,4,910,1004,705,114,104,1,5,553,5,12,Delayed
2002,2,8,5,910,1004,705,114,84,1,5,553,8,13,Not Delayed 
2002,2,9,6,910,1004,705,114,83,1,5,553,10,12,Not Delayed 
2002,2,10,7,910,1004,705,114,89,1,5,553,10,16,Not Delayed 
2002,2,11,1,910,1004,705,114,79,1,5,553,5,19,Delayed
2002,2,12,2,910,1004,705,114,108,1,5,553,5,43,Delayed
2002,2,13,3,910,1004,705,114,92,1,5,553,7,14,Delayed
2002,2,14,4,910,1004,705,114,83,1,5,553,6,15,Not Delayed 
2002,2,15,5,910,1004,705,114,90,1,5,553,6,12,Not Delayed 
2002,2,16,6,910,1004,705,114,88,1,5,553,9,12,Not Delayed 
2002,2,17,7,910,1004,705,114,80,1,5,553,11,12,Not Delayed 
2002,2,18,1,910,1004,705,114,86,1,5,553,12,12,Not Delayed 
2002,2,19,2,910,1004,705,114,99,1,5,553,9,17,Delayed
2002,2,20,3,910,1004,705,114,91,1,5,553,7,20,Not Delayed 
2002,2,21,4,910,1004,705,114,85,1,5,553,14,19,Delayed
2002,2,22,5,910,1004,705,114,81,1,5,553,5,37,Delayed
2002,2,23,6,910,1004,705,114,81,1,5,553,14,13,Not Delayed 
2002,2,24,7,910,1004,705,114,85,1,5,553,15,13,Not Delayed 
2002,2,25,1,910,1004,705,114,92,1,5,553,5,25,Delayed
2002,2,26,2,910,1004,705,114,123,1,5,553,8,18,Delayed
2002,2,27,3,910,1004,705,114,80,1,5,553,5,25,Not Delayed 
2002,2,28,4,910,1004,705,114,83,1,5,553,3,16,Not Delayed 
2002,2,1,5,1600,1713,706,73,47,12,1,325,7,11,Delayed
2002,2,4,1,1559,1709,706,70,59,12,1,325,6,14,Delayed
2002,2,5,2,1559,1709,706,70,58,12,1,325,7,9,Not Delayed 
2002,2,6,3,1559,1709,706,70,55,12,1,325,5,9,Not Delayed 
2002,2,7,4,1559,1709,706,70,54,12,1,325,6,7,Not Delayed 
2002,2,8,5,1559,1709,706,70,49,12,1,325,4,9,Delayed
2002,2,11,1,1559,1709,706,70,49,12,1,325,3,9,Delayed
2002,2,12,2,1559,1709,706,70,51,12,1,325,6,12,Delayed
2002,2,13,3,1559,1709,706,70,49,12,1,325,4,10,Not Delayed 
2002,2,14,4,1559,1709,706,70,47,12,1,325,5,10,Delayed
2002,2,15,5,1559,1709,706,70,57,12,1,325,4,10,Not Delayed 
2002,2,18,1,1559,1709,706,70,49,12,1,325,5,9,Delayed
2002,2,19,2,1559,1709,706,70,47,12,1,325,4,8,Not Delayed 
2002,2,20,3,1559,1709,706,70,57,12,1,325,3,14,Delayed
2002,2,21,4,1559,1709,706,70,49,12,1,325,3,14,Delayed
2002,2,22,5,1559,1709,706,70,59,12,1,325,3,16,Delayed
2002,2,25,1,1559,1709,706,70,47,12,1,325,6,13,Not Delayed 
2002,2,26,2,1559,1709,706,70,52,12,1,325,6,9,Not Delayed 
2002,2,27,3,1559,1709,706,70,60,12,1,325,5,12,Not Delayed 
2002,2,28,4,1559,1709,706,70,48,12,1,325,3,9,Delayed
2002,2,3,7,1000,1319,708,139,112,13,1,918,6,8,Not Delayed 
2002,2,4,1,1000,1319,708,139,126,13,1,918,6,12,Delayed
2002,2,5,2,1000,1319,708,139,119,13,1,918,8,17,Delayed
2002,2,6,3,1000,1319,708,139,109,13,1,918,5,8,Delayed
2002,2,7,4,1000,1319,708,139,129,13,1,918,7,11,Delayed
2002,2,8,5,1000,1319,708,139,114,13,1,918,7,9,Not Delayed 
2002,2,9,6,1000,1319,708,139,112,13,1,918,5,12,Not Delayed 
2002,2,10,7,1000,1319,708,139,104,13,1,918,5,8,Not Delayed 
2002,2,11,1,1000,1319,708,139,115,13,1,918,6,8,Not Delayed 
2002,2,12,2,1000,1319,708,139,108,13,1,918,4,10,Not Delayed 
2002,2,13,3,1000,1319,708,139,104,13,1,918,7,8,Not Delayed 
2002,2,14,4,1000,1319,708,139,116,13,1,918,8,7,Delayed
2002,2,15,5,1000,1319,708,139,107,13,1,918,5,14,Not Delayed 
2002,2,16,6,1000,1319,708,139,115,13,1,918,6,8,Delayed
2002,2,17,7,1000,1319,708,139,134,13,1,918,6,11,Delayed
2002,2,18,1,1000,1319,708,139,122,13,1,918,6,7,Not Delayed 
2002,2,19,2,1000,1319,708,139,118,13,1,918,6,12,Not Delayed 
2002,2,20,3,1000,1319,708,139,112,13,1,918,5,8,Not Delayed 
2002,2,21,4,1000,1319,708,139,115,13,1,918,6,14,Delayed
2002,3,2,6,1755,1847,621,52,25,10,2,90,5,9,Not Delayed 
2002,3,3,7,1755,1847,621,52,40,10,2,90,3,8,Delayed
2002,3,4,1,1755,1847,621,52,35,10,2,90,4,13,Delayed
2002,3,5,2,1755,1847,621,52,35,10,2,90,4,16,Not Delayed 
2002,3,6,3,1755,1847,621,52,31,10,2,90,3,33,Delayed
2002,3,7,4,1755,1847,621,52,31,10,2,90,11,16,Delayed
2002,3,8,5,1755,1847,621,52,31,10,2,90,4,17,Delayed
2002,3,9,6,1755,1847,621,52,26,10,2,90,4,15,Not Delayed 
2002,3,10,7,1755,1847,621,52,37,10,2,90,17,14,Delayed
2002,3,11,1,1755,1847,621,52,29,10,2,90,4,9,Delayed
2002,3,12,2,1755,1847,621,52,33,10,2,90,3,12,Delayed
2002,3,13,3,1755,1847,621,52,33,10,2,90,9,20,Delayed
2002,3,14,4,1755,1847,621,52,25,10,2,90,4,19,Delayed
2002,3,15,5,1755,1847,621,52,30,10,2,90,7,18,Not Delayed 
2002,3,16,6,1755,1847,621,52,26,10,2,90,6,14,Not Delayed 
2002,3,17,7,1755,1847,621,52,24,10,2,90,16,25,Delayed
2002,3,18,1,1755,1847,621,52,32,10,2,90,6,10,Delayed
2002,3,19,2,1755,1847,621,52,33,10,2,90,4,13,Not Delayed 
2002,3,20,3,1755,1847,621,52,31,10,2,90,3,25,Delayed
2002,3,21,4,1755,1847,621,52,28,10,2,90,10,22,Delayed
2002,3,22,5,1755,1847,621,52,30,10,2,90,3,8,Delayed
2002,3,23,6,1755,1847,621,52,35,10,2,90,3,14,Not Delayed 
2002,3,24,7,1755,1847,621,52,30,10,2,90,5,14,Delayed
2002,3,25,1,1755,1847,621,52,20,10,2,90,7,12,Not Delayed 
2002,3,26,2,1755,1847,621,52,30,10,2,90,9,16,Delayed
2002,3,27,3,1755,1847,621,52,31,10,2,90,6,18,Delayed
2002,3,28,4,1755,1847,621,52,31,10,2,90,4,10,Not Delayed 
2002,3,29,5,1755,1847,621,52,19,10,2,90,4,13,Not Delayed 
2002,3,30,6,1755,1847,621,52,24,10,2,90,2,9,Not Delayed 
2002,3,31,7,1755,1847,621,52,34,10,2,90,14,11,Delayed
2002,3,1,5,1945,2214,621,329,300,2,8,2176,5,17,Delayed
2002,3,2,6,1945,2214,621,329,277,2,8,2176,4,18,Not Delayed 
2002,3,3,7,1945,2214,621,329,277,2,8,2176,8,7,Not Delayed 
2002,3,4,1,1945,2214,621,329,298,2,8,2176,8,30,Delayed
2002,3,5,2,1945,2214,621,329,308,2,8,2176,8,13,Not Delayed 
2002,3,6,3,1945,2214,621,329,308,2,8,2176,5,17,Delayed
2002,3,7,4,1945,2214,621,329,316,2,8,2176,11,16,Delayed
2002,3,8,5,1945,2214,621,329,292,2,8,2176,10,18,Not Delayed 
2002,3,9,6,1945,2214,621,329,309,2,8,2176,11,10,Not Delayed 
2002,3,10,7,1945,2214,621,329,310,2,8,2176,8,12,Delayed
2002,3,11,1,1945,2214,621,329,299,2,8,2176,12,44,Delayed
2002,3,12,2,1945,2214,621,329,306,2,8,2176,7,26,Delayed
2002,3,13,3,1945,2214,621,329,311,2,8,2176,8,22,Delayed
2002,3,14,4,1945,2214,621,329,316,2,8,2176,5,30,Delayed
2002,3,15,5,1945,2214,621,329,308,2,8,2176,7,21,Delayed
2002,3,16,6,1945,2214,621,329,334,2,8,2176,8,17,Delayed
2002,3,17,7,1945,2214,621,329,347,2,8,2176,36,18,Delayed
2002,3,18,1,1945,2214,621,329,311,2,8,2176,6,18,Delayed
2002,3,19,2,1945,2214,621,329,314,2,8,2176,8,25,Delayed
2002,3,20,3,1945,2214,621,329,310,2,8,2176,9,14,Delayed
2002,3,21,4,1945,2214,621,329,315,2,8,2176,9,17,Delayed
2002,3,22,5,1945,2214,621,329,309,2,8,2176,8,16,Delayed
2002,3,23,6,1945,2214,621,329,322,2,8,2176,6,11,Delayed
2002,3,24,7,1945,2214,621,329,300,2,8,2176,6,12,Delayed
2002,3,25,1,1945,2214,621,329,313,2,8,2176,8,31,Delayed
2002,3,26,2,1945,2214,621,329,294,2,8,2176,7,85,Delayed
2002,3,27,3,1945,2214,621,329,304,2,8,2176,7,30,Delayed
2002,3,28,4,1945,2214,621,329,299,2,8,2176,6,17,Not Delayed 
2002,3,29,5,1945,2214,621,329,304,2,8,2176,6,23,Delayed
2002,3,30,6,1945,2214,621,329,304,2,8,2176,5,13,Delayed
2002,3,31,7,1945,2214,621,329,295,2,8,2176,7,11,Delayed
2002,3,1,5,2359,713,622,254,241,16,3,2125,4,9,Delayed
2002,3,2,6,2359,713,622,254,230,16,3,2125,6,11,Not Delayed 
2002,3,3,7,2359,713,622,254,238,16,3,2125,5,8,Not Delayed 
2002,3,4,1,2359,713,622,254,241,16,3,2125,8,14,Not Delayed 
2002,3,5,2,2359,713,622,254,240,16,3,2125,11,6,Not Delayed 
2002,3,6,3,2359,713,622,254,229,16,3,2125,8,10,Not Delayed 
2002,3,7,4,2359,713,622,254,224,16,3,2125,6,10,Delayed
2002,3,8,5,2359,713,622,254,241,16,3,2125,5,22,Delayed
2002,3,9,6,2359,713,622,254,231,16,3,2125,4,13,Delayed
2002,3,10,7,2359,713,622,254,238,16,3,2125,6,21,Delayed
2002,3,11,1,2359,713,622,254,254,16,3,2125,8,14,Delayed
2002,3,12,2,2359,713,622,254,247,16,3,2125,3,10,Not Delayed 
2002,3,13,3,2359,713,622,254,236,16,3,2125,4,10,Not Delayed 
2002,3,14,4,2359,713,622,254,228,16,3,2125,5,8,Delayed
2002,3,15,5,2359,713,622,254,226,16,3,2125,4,9,Not Delayed 
2002,3,16,6,2359,713,622,254,219,16,3,2125,8,19,Delayed
2002,3,17,7,2359,713,622,254,222,16,3,2125,5,11,Delayed
2002,3,18,1,2359,713,622,254,243,16,3,2125,5,15,Delayed
2002,3,19,2,2359,713,622,254,260,16,3,2125,3,23,Delayed
2002,3,20,3,2359,713,622,254,244,16,3,2125,3,17,Delayed
2002,3,21,4,2359,713,622,254,235,16,3,2125,3,9,Not Delayed 
2002,3,22,5,2359,713,622,254,235,16,3,2125,5,14,Delayed
2002,3,23,6,2359,713,622,254,228,16,3,2125,9,12,Delayed
2002,3,24,7,2359,713,622,254,222,16,3,2125,6,14,Not Delayed 
2002,3,25,1,2359,713,622,254,231,16,3,2125,7,16,Delayed
2002,3,26,2,2359,713,622,254,215,16,3,2125,5,12,Not Delayed 
2002,3,27,3,2359,713,622,254,227,16,3,2125,4,7,Not Delayed 
2002,3,28,4,2359,713,622,254,246,16,3,2125,5,26,Delayed
2002,3,29,5,2359,713,622,254,246,16,3,2125,6,14,Delayed
2002,3,30,6,2359,713,622,254,250,16,3,2125,6,11,Delayed
2002,3,31,7,2359,713,622,254,242,16,3,2125,4,11,Delayed
2002,3,3,7,1550,1658,623,68,43,2,18,196,2,15,Delayed
2002,3,4,1,605,832,624,87,69,9,1,412,6,9,Not Delayed 
2002,3,5,2,605,832,624,87,69,9,1,412,5,9,Not Delayed 
2002,3,6,3,605,832,624,87,68,9,1,412,7,14,Not Delayed 
2002,3,7,4,605,832,624,87,69,9,1,412,7,19,Delayed
2002,3,8,5,605,832,624,87,62,9,1,412,4,15,Not Delayed 
2002,3,11,1,605,832,624,87,63,9,1,412,7,15,Not Delayed 
2002,3,12,2,605,832,624,87,62,9,1,412,6,12,Not Delayed 
2002,3,13,3,605,832,624,87,61,9,1,412,7,15,Not Delayed 
2002,3,14,4,605,832,624,87,62,9,1,412,5,9,Not Delayed 
2002,3,15,5,605,832,624,87,60,9,1,412,7,13,Not Delayed 
2002,3,18,1,605,832,624,87,65,9,1,412,11,16,Not Delayed 
2002,3,19,2,605,832,624,87,71,9,1,412,7,13,Not Delayed 
2002,3,20,3,605,832,624,87,60,9,1,412,5,15,Not Delayed 
2002,3,21,4,605,832,624,87,59,9,1,412,7,13,Not Delayed 
2002,3,22,5,605,832,624,87,60,9,1,412,8,19,Not Delayed 
2002,3,25,1,605,832,624,87,62,9,1,412,5,12,Not Delayed 
2002,3,26,2,605,832,624,87,62,9,1,412,7,40,Delayed
2002,3,27,3,605,832,624,87,70,9,1,412,6,13,Not Delayed 
2002,3,28,4,605,832,624,87,61,9,1,412,7,15,Not Delayed 
2002,3,29,5,605,832,624,87,56,9,1,412,8,14,Not Delayed 
2002,3,1,5,925,1047,624,82,55,1,15,335,7,10,Not Delayed 
2002,3,2,6,925,1047,624,82,55,1,15,335,8,22,Delayed
2002,3,3,7,925,1047,624,82,59,1,15,335,7,11,Not Delayed 
2002,3,4,1,925,1047,624,82,54,1,15,335,7,11,Delayed
2002,3,5,2,925,1047,624,82,56,1,15,335,10,21,Delayed
2002,3,6,3,925,1047,624,82,55,1,15,335,8,10,Not Delayed 
2002,3,7,4,925,1047,624,82,55,1,15,335,6,8,Not Delayed 
2002,3,8,5,925,1047,624,82,58,1,15,335,4,11,Not Delayed 
2002,3,9,6,925,1047,624,82,61,1,15,335,7,14,Delayed
2002,3,10,7,925,1047,624,82,50,1,15,335,5,9,Not Delayed 
2002,3,11,1,925,1047,624,82,58,1,15,335,6,13,Not Delayed 
2002,3,12,2,925,1047,624,82,58,1,15,335,7,20,Delayed
2002,3,13,3,925,1047,624,82,53,1,15,335,7,28,Delayed
2002,3,14,4,925,1047,624,82,53,1,15,335,6,12,Not Delayed 
2002,3,15,5,925,1047,624,82,67,1,15,335,5,9,Not Delayed 
2002,3,16,6,925,1047,624,82,53,1,15,335,9,11,Not Delayed 
2002,3,17,7,925,1047,624,82,51,1,15,335,13,28,Delayed
2002,3,18,1,925,1047,624,82,54,1,15,335,7,10,Not Delayed 
2002,3,19,2,925,1047,624,82,60,1,15,335,7,11,Not Delayed 
2002,3,20,3,925,1047,624,82,57,1,15,335,7,23,Not Delayed 
2002,3,21,4,925,1047,624,82,49,1,15,335,4,12,Not Delayed 
2002,3,22,5,925,1047,624,82,54,1,15,335,9,15,Delayed
2002,3,23,6,925,1047,624,82,54,1,15,335,4,9,Not Delayed 
2002,3,24,7,925,1047,624,82,54,1,15,335,6,10,Not Delayed 
2002,3,25,1,925,1047,624,82,48,1,15,335,6,16,Not Delayed 
2002,3,26,2,925,1047,624,82,58,1,15,335,4,44,Delayed
2002,3,27,3,925,1047,624,82,51,1,15,335,5,20,Not Delayed 
2002,3,28,4,925,1047,624,82,55,1,15,335,5,11,Not Delayed 
2002,3,29,5,925,1047,624,82,61,1,15,335,8,12,Not Delayed 
2002,3,30,6,925,1047,624,82,53,1,15,335,4,8,Not Delayed 
2002,3,31,7,925,1047,624,82,57,1,15,335,8,14,Not Delayed 
2002,3,2,6,2245,2346,625,61,38,1,41,253,5,8,Not Delayed 
2002,3,3,7,645,827,627,102,90,26,1,485,5,11,Not Delayed 
2002,3,1,5,730,855,628,85,62,38,2,405,9,10,Not Delayed 
2002,3,2,6,730,855,628,85,73,38,2,405,8,18,Delayed
2002,3,3,7,730,855,628,85,75,38,2,405,3,9,Not Delayed 
2002,3,4,1,730,855,628,85,71,38,2,405,4,11,Not Delayed 
2002,3,5,2,730,855,628,85,69,38,2,405,5,16,Not Delayed 
2002,3,6,3,730,855,628,85,76,38,2,405,4,15,Delayed
2002,3,7,4,730,855,628,85,68,38,2,405,3,10,Not Delayed 
2002,3,8,5,730,855,628,85,74,38,2,405,2,17,Delayed
2002,3,9,6,730,855,628,85,66,38,2,405,8,19,Delayed
2002,3,10,7,730,855,628,85,60,38,2,405,2,9,Not Delayed 
2002,3,11,1,730,855,628,85,64,38,2,405,8,25,Delayed
2002,3,12,2,730,855,628,85,71,38,2,405,4,7,Not Delayed 
2002,3,13,3,730,855,628,85,70,38,2,405,6,18,Delayed
2002,3,14,4,730,855,628,85,61,38,2,405,2,15,Not Delayed 
2002,3,15,5,730,855,628,85,58,38,2,405,13,12,Not Delayed 
2002,3,16,6,730,855,628,85,59,38,2,405,5,13,Not Delayed 
2002,3,17,7,730,855,628,85,56,38,2,405,7,9,Not Delayed 
2002,3,18,1,730,855,628,85,60,38,2,405,6,56,Delayed
2002,3,19,2,730,855,628,85,59,38,2,405,2,16,Not Delayed 
2002,3,20,3,730,855,628,85,73,38,2,405,7,14,Delayed
2002,3,21,4,730,855,628,85,75,38,2,405,3,15,Delayed
2002,3,22,5,730,855,628,85,62,38,2,405,7,10,Not Delayed 
2002,3,23,6,730,855,628,85,66,38,2,405,12,18,Delayed
2002,3,24,7,730,855,628,85,62,38,2,405,17,9,Not Delayed 
2002,3,25,1,730,855,628,85,56,38,2,405,7,32,Delayed
2002,3,26,2,730,855,628,85,70,38,2,405,7,30,Delayed
2002,3,27,3,730,855,628,85,63,38,2,405,2,12,Not Delayed 
2002,3,28,4,730,855,628,85,69,38,2,405,2,27,Delayed
2002,3,29,5,730,855,628,85,66,38,2,405,2,14,Not Delayed 
2002,3,30,6,730,855,628,85,71,38,2,405,2,16,Delayed
2002,3,31,7,730,855,628,85,60,38,2,405,6,10,Delayed
2002,3,1,5,940,1044,628,64,40,2,18,196,4,22,Delayed
2002,3,2,6,940,1044,628,64,32,2,18,196,5,11,Not Delayed 
2002,3,3,7,945,1049,628,64,41,2,18,196,3,18,Not Delayed 
2002,3,4,1,945,1049,628,64,36,2,18,196,4,11,Not Delayed 
2002,3,5,2,945,1049,628,64,36,2,18,196,5,22,Not Delayed 
2002,3,6,3,945,1049,628,64,40,2,18,196,3,10,Not Delayed 
2002,3,7,4,945,1049,628,64,36,2,18,196,4,18,Not Delayed 
2002,3,8,5,945,1049,628,64,34,2,18,196,3,36,Delayed
2002,3,9,6,945,1049,628,64,43,2,18,196,5,21,Delayed
2002,3,10,7,945,1049,628,64,32,2,18,196,3,9,Not Delayed 
2002,3,11,1,945,1049,628,64,38,2,18,196,4,29,Delayed
2002,3,12,2,945,1049,628,64,40,2,18,196,2,29,Delayed
2002,3,13,3,945,1049,628,64,35,2,18,196,5,12,Delayed
2002,3,14,4,945,1049,628,64,36,2,18,196,4,17,Not Delayed 
2002,3,15,5,945,1049,628,64,43,2,18,196,4,29,Delayed
2002,3,16,6,945,1049,628,64,38,2,18,196,5,24,Not Delayed 
2002,3,17,7,945,1049,628,64,38,2,18,196,5,10,Not Delayed 
2002,3,18,1,945,1049,628,64,37,2,18,196,4,34,Delayed
2002,3,19,2,945,1049,628,64,38,2,18,196,4,22,Not Delayed 
2002,3,20,3,945,1049,628,64,35,2,18,196,4,28,Delayed
2002,3,21,4,945,1049,628,64,38,2,18,196,5,17,Not Delayed 
2002,3,22,5,945,1049,628,64,36,2,18,196,4,13,Not Delayed 
2002,3,23,6,945,1049,628,64,39,2,18,196,5,23,Delayed
2002,3,24,7,945,1049,628,64,37,2,18,196,4,28,Delayed
2002,3,25,1,945,1049,628,64,36,2,18,196,6,32,Delayed
2002,3,26,2,945,1049,628,64,36,2,18,196,6,13,Not Delayed 
2002,3,27,3,945,1049,628,64,36,2,18,196,6,26,Not Delayed 
2002,3,28,4,945,1049,628,64,43,2,18,196,4,17,Not Delayed 
2002,3,29,5,945,1049,628,64,46,2,18,196,5,10,Not Delayed 
2002,3,30,6,945,1049,628,64,42,2,18,196,3,10,Not Delayed 
2002,3,31,7,945,1049,628,64,35,2,18,196,3,30,Delayed
2002,3,9,6,1850,1940,629,50,26,3,19,130,4,11,Delayed
2002,3,16,6,1850,1940,629,50,27,3,19,130,6,11,Delayed
2002,3,23,6,1850,1940,629,50,26,3,19,130,4,11,Not Delayed 
2002,3,30,6,1850,1940,629,50,28,3,19,130,4,16,Delayed
2002,3,2,6,2055,2244,630,109,108,1,20,526,7,13,Delayed
2002,3,1,5,1855,2100,631,125,96,3,14,728,5,16,Delayed
2002,3,2,6,1855,2100,631,125,94,3,14,728,5,12,Delayed
2002,3,3,7,1855,2100,631,125,82,3,14,728,6,16,Not Delayed 
2002,3,4,1,1855,2100,631,125,83,3,14,728,5,24,Delayed
2002,3,5,2,1855,2100,631,125,95,3,14,728,7,15,Not Delayed 
2002,3,6,3,1855,2100,631,125,101,3,14,728,5,13,Delayed
2002,3,7,4,1855,2100,631,125,96,3,14,728,9,15,Delayed
2002,3,8,5,1855,2100,631,125,95,3,14,728,8,11,Delayed
2002,3,9,6,1855,2100,631,125,92,3,14,728,7,17,Delayed
2002,3,10,7,1855,2100,631,125,94,3,14,728,7,24,Delayed
2002,3,11,1,1855,2100,631,125,96,3,14,728,6,17,Not Delayed 
2002,3,12,2,1855,2100,631,125,87,3,14,728,10,31,Delayed
2002,3,13,3,1855,2100,631,125,94,3,14,728,13,19,Delayed
2002,3,14,4,1855,2100,631,125,90,3,14,728,10,9,Delayed
2002,3,15,5,1855,2100,631,125,87,3,14,728,7,8,Delayed
2002,3,16,6,1855,2100,631,125,91,3,14,728,9,16,Delayed
2002,3,17,7,1855,2100,631,125,89,3,14,728,12,14,Delayed
2002,3,18,1,1855,2100,631,125,90,3,14,728,9,13,Not Delayed 
2002,3,19,2,1855,2100,631,125,93,3,14,728,9,13,Not Delayed 
2002,3,20,3,1855,2100,631,125,92,3,14,728,12,23,Delayed
2002,3,21,4,1855,2100,631,125,95,3,14,728,4,18,Not Delayed 
2002,3,22,5,1855,2100,631,125,94,3,14,728,8,11,Not Delayed 
2002,3,23,6,1855,2100,631,125,102,3,14,728,5,22,Delayed
2002,3,24,7,1855,2100,631,125,93,3,14,728,8,15,Not Delayed 
2002,3,25,1,1855,2100,631,125,91,3,14,728,10,9,Not Delayed 
2002,3,26,2,1855,2100,631,125,90,3,14,728,10,8,Not Delayed 
2002,3,27,3,1855,2100,631,125,87,3,14,728,7,15,Not Delayed 
2002,3,28,4,1855,2100,631,125,101,3,14,728,7,14,Delayed
2002,3,29,5,1855,2100,631,125,97,3,14,728,6,8,Not Delayed 
2002,3,30,6,1855,2100,631,125,87,3,14,728,5,9,Delayed
2002,3,31,7,1855,2100,631,125,108,3,14,728,12,27,Delayed
2002,3,1,5,1550,1825,632,155,119,2,21,861,5,33,Delayed
2002,3,2,6,1550,1825,632,155,128,2,21,861,5,18,Delayed
2002,3,3,7,1550,1825,632,155,135,2,21,861,3,12,Delayed
2002,3,4,1,1550,1825,632,155,145,2,21,861,2,14,Delayed
2002,3,5,2,1550,1825,632,155,127,2,21,861,2,15,Not Delayed 
2002,3,6,3,1550,1825,632,155,118,2,21,861,3,22,Delayed
2002,3,7,4,1550,1825,632,155,126,2,21,861,4,11,Delayed
2002,3,8,5,1550,1825,632,155,112,2,21,861,4,32,Delayed
2002,3,9,6,1550,1825,632,155,114,2,21,861,6,12,Not Delayed 
2002,3,10,7,1550,1825,632,155,117,2,21,861,6,24,Delayed
2002,3,11,1,1550,1825,632,155,119,2,21,861,8,18,Not Delayed 
2002,3,12,2,1550,1825,632,155,134,2,21,861,3,34,Delayed
2002,3,13,3,1550,1825,632,155,112,2,21,861,3,18,Not Delayed 
2002,3,14,4,1550,1825,632,155,116,2,21,861,3,28,Delayed
2002,3,15,5,1550,1825,632,155,114,2,21,861,4,18,Delayed
2002,3,16,6,1550,1825,632,155,110,2,21,861,3,8,Not Delayed 
2002,3,17,7,1550,1825,632,155,121,2,21,861,5,25,Not Delayed 
2002,3,18,1,1550,1825,632,155,119,2,21,861,3,31,Delayed
2002,3,19,2,1550,1825,632,155,117,2,21,861,3,16,Delayed
2002,3,20,3,1550,1825,632,155,137,2,21,861,5,17,Delayed
2002,3,21,4,1550,1825,632,155,129,2,21,861,4,9,Delayed
2002,3,22,5,1550,1825,632,155,130,2,21,861,5,27,Delayed
2002,3,23,6,1550,1825,632,155,118,2,21,861,4,20,Delayed
2002,3,24,7,1550,1825,632,155,118,2,21,861,5,16,Not Delayed 
2002,3,25,1,1550,1825,632,155,124,2,21,861,4,40,Delayed
2002,3,26,2,1550,1825,632,155,129,2,21,861,9,17,Delayed
2002,3,27,3,1550,1825,632,155,119,2,21,861,5,23,Not Delayed 
2002,3,28,4,1550,1825,632,155,115,2,21,861,3,11,Delayed
2002,3,29,5,1550,1825,632,155,115,2,21,861,5,11,Not Delayed 
2002,3,30,6,1550,1825,632,155,119,2,21,861,3,12,Delayed
2002,3,31,7,1550,1825,632,155,144,2,21,861,4,121,Delayed
2002,3,1,5,805,1043,633,338,321,2,8,2176,4,14,Delayed
2002,3,2,6,805,1043,633,338,313,2,8,2176,6,32,Delayed
2002,3,3,7,805,1043,633,338,303,2,8,2176,11,20,Delayed
2002,3,4,1,805,1043,633,338,293,2,8,2176,7,48,Delayed
2002,3,5,2,805,1043,633,338,311,2,8,2176,8,26,Delayed
2002,3,6,3,805,1043,633,338,300,2,8,2176,8,9,Delayed
2002,3,7,4,805,1043,633,338,309,2,8,2176,8,66,Delayed
2002,3,8,5,805,1043,633,338,332,2,8,2176,6,33,Delayed
2002,3,9,6,805,1043,633,338,304,2,8,2176,7,32,Delayed
2002,3,10,7,805,1043,633,338,330,2,8,2176,9,15,Delayed
2002,3,11,1,805,1043,633,338,297,2,8,2176,5,21,Not Delayed 
2002,3,12,2,805,1043,633,338,313,2,8,2176,6,19,Not Delayed 
2002,3,13,3,805,1043,633,338,312,2,8,2176,7,27,Delayed
2002,3,14,4,805,1043,633,338,313,2,8,2176,4,31,Delayed
2002,3,15,5,805,1043,633,338,323,2,8,2176,9,44,Delayed
2002,3,16,6,805,1043,633,338,311,2,8,2176,6,51,Delayed
2002,3,17,7,805,1043,633,338,339,2,8,2176,9,17,Delayed
2002,3,18,1,805,1043,633,338,331,2,8,2176,5,20,Delayed
2002,3,19,2,805,1043,633,338,298,2,8,2176,7,40,Delayed
2002,3,20,3,805,1043,633,338,346,2,8,2176,10,50,Delayed
2002,3,21,4,805,1043,633,338,308,2,8,2176,6,15,Delayed
2002,3,22,5,805,1043,633,338,319,2,8,2176,8,35,Delayed
2002,3,23,6,805,1043,633,338,327,2,8,2176,7,25,Delayed
2002,3,24,7,805,1043,633,338,319,2,8,2176,9,21,Delayed
2002,3,25,1,805,1043,633,338,296,2,8,2176,6,37,Delayed
2002,3,26,2,805,1043,633,338,299,2,8,2176,9,26,Not Delayed 
2002,3,27,3,805,1043,633,338,320,2,8,2176,7,25,Delayed
2002,3,28,4,805,1043,633,338,302,2,8,2176,8,37,Delayed
2002,3,29,5,805,1043,633,338,303,2,8,2176,4,40,Delayed
2002,3,30,6,805,1043,633,338,320,2,8,2176,6,46,Delayed
2002,3,31,7,805,1043,633,338,303,2,8,2176,4,32,Delayed
2002,3,2,6,1715,1935,634,140,124,14,3,728,5,11,Delayed
2002,3,4,1,1845,2008,635,83,50,2,1,267,7,9,Delayed
2002,3,5,2,1845,2008,635,83,46,2,1,267,6,27,Not Delayed 
2002,3,6,3,1845,2008,635,83,46,2,1,267,7,21,Not Delayed 
2002,3,7,4,1845,2008,635,83,47,2,1,267,8,13,Not Delayed 
2002,3,8,5,1845,2008,635,83,44,2,1,267,7,10,Delayed
2002,3,11,1,1845,2008,635,83,45,2,1,267,7,17,Not Delayed 
2002,3,12,2,1845,2008,635,83,43,2,1,267,6,13,Not Delayed 
2002,3,13,3,1845,2008,635,83,45,2,1,267,6,16,Delayed
2002,3,14,4,1845,2008,635,83,46,2,1,267,9,19,Not Delayed 
2002,3,15,5,1845,2008,635,83,46,2,1,267,20,13,Delayed
2002,3,18,1,1845,2008,635,83,52,2,1,267,6,13,Delayed
2002,3,19,2,1845,2008,635,83,68,2,1,267,7,23,Delayed
2002,3,20,3,1845,2008,635,83,45,2,1,267,5,10,Delayed
2002,3,21,4,1845,2008,635,83,49,2,1,267,13,14,Delayed
2002,3,22,5,1845,2008,635,83,47,2,1,267,18,10,Delayed
2002,3,25,1,1845,2008,635,83,62,2,1,267,8,15,Delayed
2002,3,26,2,1845,2008,635,83,52,2,1,267,6,17,Delayed
2002,3,27,3,1845,2008,635,83,43,2,1,267,5,9,Not Delayed 
2002,3,28,4,1845,2008,635,83,41,2,1,267,5,8,Delayed
2002,3,29,5,1845,2008,635,83,49,2,1,267,4,9,Delayed
2002,3,1,5,2105,2259,635,294,266,1,8,1910,7,21,Not Delayed 
2002,3,2,6,2105,2259,635,294,244,1,8,1910,41,9,Delayed
2002,3,3,7,2105,2259,635,294,245,1,8,1910,6,22,Delayed
2002,3,4,1,2105,2259,635,294,258,1,8,1910,9,13,Delayed
2002,3,5,2,2105,2259,635,294,266,1,8,1910,15,21,Delayed
2002,3,6,3,2105,2259,635,294,272,1,8,1910,22,22,Delayed
2002,3,7,4,2105,2259,635,294,273,1,8,1910,8,18,Delayed
2002,3,8,5,2105,2259,635,294,263,1,8,1910,7,15,Delayed
2002,3,9,6,2105,2259,635,294,278,1,8,1910,5,10,Delayed
2002,3,10,7,2105,2259,635,294,270,1,8,1910,39,19,Delayed
2002,3,11,1,2105,2259,635,294,260,1,8,1910,5,11,Not Delayed 
2002,3,12,2,2105,2259,635,294,270,1,8,1910,10,18,Delayed
2002,3,13,3,2105,2259,635,294,283,1,8,1910,5,14,Delayed
2002,3,14,4,2105,2259,635,294,286,1,8,1910,6,27,Delayed
2002,3,15,5,2105,2259,635,294,278,1,8,1910,8,16,Delayed
2002,3,16,6,2105,2259,635,294,284,1,8,1910,7,15,Delayed
2002,3,17,7,2105,2259,635,294,292,1,8,1910,7,12,Delayed
2002,3,18,1,2105,2259,635,294,268,1,8,1910,7,14,Delayed
2002,3,19,2,2105,2259,635,294,276,1,8,1910,5,17,Delayed
2002,3,20,3,2105,2259,635,294,268,1,8,1910,9,18,Delayed
2002,3,21,4,2105,2259,635,294,276,1,8,1910,8,20,Delayed
2002,3,22,5,2105,2259,635,294,268,1,8,1910,6,18,Not Delayed 
2002,3,23,6,2105,2259,635,294,281,1,8,1910,6,10,Delayed
2002,3,24,7,2105,2259,635,294,257,1,8,1910,7,16,Not Delayed 
2002,3,25,1,2105,2259,635,294,268,1,8,1910,6,17,Delayed
2002,3,26,2,2105,2259,635,294,267,1,8,1910,5,13,Delayed
2002,3,27,3,2105,2259,635,294,255,1,8,1910,8,19,Not Delayed 
2002,3,28,4,2105,2259,635,294,262,1,8,1910,6,14,Not Delayed 
2002,3,29,5,2105,2259,635,294,268,1,8,1910,8,23,Delayed
2002,3,30,6,2105,2259,635,294,268,1,8,1910,5,26,Delayed
2002,3,31,7,2105,2259,635,294,255,1,8,1910,9,12,Delayed
2002,3,2,6,1845,1955,636,70,60,40,1,279,6,10,Delayed
2002,3,3,7,2215,2316,638,61,33,1,22,243,3,45,Delayed
2002,3,10,7,2215,2316,638,61,34,1,22,243,4,8,Delayed
2002,3,17,7,2215,2316,638,61,34,1,22,243,4,10,Delayed
2002,3,23,6,2215,2316,638,61,32,1,22,243,1,7,Not Delayed 
2002,3,24,7,2215,2316,638,61,35,1,22,243,4,11,Not Delayed 
2002,3,30,6,2215,2316,638,61,32,1,22,243,3,8,Not Delayed 
2002,3,31,7,2215,2316,638,61,35,1,22,243,6,9,Not Delayed 
2002,3,9,6,1715,1754,639,99,83,3,23,488,6,19,Delayed
2002,3,16,6,1715,1754,639,99,77,3,23,488,4,16,Not Delayed 
2002,3,23,6,1715,1754,639,99,74,3,23,488,5,17,Not Delayed 
2002,3,30,6,1715,1754,639,99,81,3,23,488,5,15,Not Delayed 
2002,3,1,5,1515,1641,644,86,64,24,1,330,8,8,Not Delayed 
2002,3,2,6,1515,1641,644,86,63,24,1,330,5,12,Not Delayed 
2002,3,3,7,1515,1636,644,81,56,24,1,330,5,10,Not Delayed 
2002,3,4,1,1515,1636,644,81,64,24,1,330,5,21,Not Delayed 
2002,3,5,2,1515,1636,644,81,66,24,1,330,7,11,Not Delayed 
2002,1,25,5,935,1118,728,103,80,3,6,546,3,39,Delayed
2002,1,26,6,935,1118,728,103,78,3,6,546,2,12,Not Delayed 
2002,1,27,7,935,1118,728,103,83,3,6,546,2,13,Not Delayed 
2002,1,28,1,935,1118,728,103,81,3,6,546,3,17,Not Delayed 
2002,1,29,2,935,1118,728,103,76,3,6,546,3,21,Not Delayed 
2002,1,30,3,935,1118,728,103,75,3,6,546,4,14,Not Delayed 
2002,1,6,7,1140,1221,729,101,83,1,25,462,3,46,Delayed
2002,1,7,1,1140,1221,729,101,71,1,25,462,4,27,Not Delayed 
2002,1,8,2,1140,1221,729,101,73,1,25,462,7,13,Not Delayed 
2002,1,9,3,1140,1221,729,101,75,1,25,462,5,16,Not Delayed 
2002,1,10,4,1140,1221,729,101,82,1,25,462,6,15,Not Delayed 
2002,1,11,5,1140,1221,729,101,84,1,25,462,4,11,Not Delayed 
2002,1,12,6,1140,1221,729,101,76,1,25,462,4,12,Not Delayed 
2002,1,13,7,1140,1221,729,101,77,1,25,462,4,14,Not Delayed 
2002,1,14,1,1140,1221,729,101,87,1,25,462,6,16,Delayed
2002,1,15,2,1140,1221,729,101,82,1,25,462,3,14,Not Delayed 
2002,1,16,3,1140,1221,729,101,76,1,25,462,6,17,Not Delayed 
2002,1,17,4,1140,1221,729,101,97,1,25,462,4,10,Delayed
2002,1,18,5,1140,1221,729,101,89,1,25,462,4,16,Delayed
2002,1,19,6,1140,1221,729,101,93,1,25,462,6,18,Delayed
2002,1,20,7,1140,1221,729,101,78,1,25,462,5,14,Not Delayed 
2002,1,21,1,1140,1221,729,101,85,1,25,462,5,11,Not Delayed 
2002,1,22,2,1140,1221,729,101,74,1,25,462,5,15,Not Delayed 
2002,1,23,3,1140,1221,729,101,82,1,25,462,6,16,Not Delayed 
2002,1,24,4,1140,1221,729,101,98,1,25,462,4,12,Delayed
2002,1,25,5,1140,1221,729,101,85,1,25,462,4,13,Not Delayed 
2002,1,26,6,1140,1221,729,101,69,1,25,462,4,17,Not Delayed 
2002,1,27,7,1140,1221,729,101,75,1,25,462,5,19,Not Delayed 
2002,1,28,1,1140,1221,729,101,74,1,25,462,6,19,Delayed
2002,1,29,2,1140,1221,729,101,76,1,25,462,6,19,Not Delayed 
2002,1,30,3,1140,1221,729,101,77,1,25,462,7,16,Not Delayed 
2002,1,31,4,1140,1221,729,101,84,1,25,462,5,16,Not Delayed 
2002,1,6,7,745,1006,731,141,140,26,3,737,5,19,Delayed
2002,1,7,1,745,1006,731,141,112,26,3,737,18,8,Not Delayed 
2002,1,8,2,745,1006,731,141,101,26,3,737,20,10,Not Delayed 
2002,1,9,3,745,1006,731,141,97,26,3,737,6,17,Not Delayed 
2002,1,10,4,745,1006,731,141,116,26,3,737,6,36,Delayed
2002,1,11,5,745,1006,731,141,128,26,3,737,5,9,Not Delayed 
2002,1,12,6,745,1006,731,141,106,26,3,737,13,21,Not Delayed 
2002,1,13,7,745,1006,731,141,113,26,3,737,9,32,Delayed
2002,1,14,1,745,1006,731,141,122,26,3,737,3,13,Not Delayed 
2002,1,15,2,745,1006,731,141,130,26,3,737,4,13,Delayed
2002,1,16,3,745,1006,731,141,126,26,3,737,4,18,Delayed
2002,1,17,4,745,1006,731,141,113,26,3,737,6,11,Not Delayed 
2002,1,18,5,745,1006,731,141,127,26,3,737,6,13,Delayed
2002,1,19,6,745,1006,731,141,136,26,3,737,5,12,Delayed
2002,1,20,7,745,1006,731,141,109,26,3,737,14,12,Not Delayed 
2002,1,21,1,745,1006,731,141,137,26,3,737,7,23,Delayed
2002,1,22,2,745,1006,731,141,114,26,3,737,9,16,Not Delayed 
2002,1,23,3,745,1006,731,141,136,26,3,737,4,23,Delayed
2002,1,24,4,745,1006,731,141,117,26,3,737,9,59,Delayed
2002,1,25,5,745,1006,731,141,137,26,3,737,4,12,Delayed
2002,1,26,6,745,1006,731,141,108,26,3,737,8,26,Not Delayed 
2002,1,27,7,745,1006,731,141,102,26,3,737,24,14,Not Delayed 
2002,1,28,1,745,1006,731,141,104,26,3,737,12,17,Not Delayed 
2002,1,29,2,745,1006,731,141,107,26,3,737,12,10,Not Delayed 
2002,1,30,3,745,1006,731,141,113,26,3,737,5,10,Not Delayed 
2002,1,31,4,745,1006,731,141,115,26,3,737,5,7,Delayed
2002,1,1,2,1600,1906,734,126,98,25,2,675,21,16,Delayed
2002,1,2,3,1600,1906,734,126,98,25,2,675,7,15,Not Delayed 
2002,1,3,4,1600,1906,734,126,101,25,2,675,3,12,Not Delayed 
2002,1,4,5,1600,1906,734,126,105,25,2,675,16,12,Not Delayed 
2002,1,5,6,1600,1906,734,126,101,25,2,675,4,10,Not Delayed 
2002,1,6,7,1600,1902,734,122,123,25,2,675,21,12,Delayed
2002,1,7,1,1600,1902,734,122,106,25,2,675,6,15,Delayed
2002,1,8,2,1600,1902,734,122,108,25,2,675,7,13,Delayed
2002,1,9,3,1600,1902,734,122,107,25,2,675,9,12,Delayed
2002,1,10,4,1600,1902,734,122,102,25,2,675,3,14,Not Delayed 
2002,1,11,5,1600,1902,734,122,99,25,2,675,9,27,Delayed
2002,1,12,6,1600,1902,734,122,100,25,2,675,3,9,Not Delayed 
2002,1,13,7,1600,1902,734,122,110,25,2,675,3,10,Delayed
2002,1,14,1,1600,1902,734,122,108,25,2,675,7,12,Not Delayed 
2002,1,15,2,1600,1902,734,122,104,25,2,675,3,12,Not Delayed 
2002,1,16,3,1600,1902,734,122,93,25,2,675,3,12,Not Delayed 
2002,1,17,4,1600,1902,734,122,93,25,2,675,5,12,Not Delayed 
2002,1,18,5,1600,1902,734,122,96,25,2,675,2,15,Not Delayed 
2002,1,19,6,1600,1902,734,122,128,25,2,675,32,9,Delayed
2002,1,21,1,1600,1902,734,122,100,25,2,675,11,13,Not Delayed 
2002,1,22,2,1600,1902,734,122,102,25,2,675,17,12,Delayed
2002,1,23,3,1600,1902,734,122,114,25,2,675,7,31,Delayed
2002,1,24,4,1600,1902,734,122,89,25,2,675,3,12,Delayed
2002,1,25,5,1600,1902,734,122,105,25,2,675,4,10,Not Delayed 
2002,1,26,6,1600,1902,734,122,114,25,2,675,7,12,Delayed
2002,1,27,7,1600,1902,734,122,114,25,2,675,6,12,Delayed
2002,1,28,1,1600,1902,734,122,108,25,2,675,4,13,Not Delayed 
2002,1,29,2,1600,1902,734,122,113,25,2,675,4,13,Delayed
2002,1,30,3,1600,1902,734,122,108,25,2,675,3,11,Not Delayed 
2002,1,31,4,1600,1902,734,122,104,25,2,675,7,14,Delayed
2002,1,1,2,755,1005,735,190,157,2,27,1038,5,25,Not Delayed 
2002,1,2,3,755,1005,735,190,165,2,27,1038,4,21,Not Delayed 
2002,1,3,4,755,1005,735,190,134,2,27,1038,4,21,Not Delayed 
2002,1,4,5,755,1005,735,190,159,2,27,1038,5,25,Not Delayed 
2002,1,5,6,755,1005,735,190,158,2,27,1038,2,10,Not Delayed 
2002,1,7,1,810,1032,735,202,138,2,27,1038,3,31,Not Delayed 
2002,1,8,2,810,1032,735,202,140,2,27,1038,4,17,Not Delayed 
2002,1,9,3,810,1032,735,202,163,2,27,1038,6,38,Delayed
2002,1,10,4,810,1032,735,202,197,2,27,1038,7,53,Delayed
2002,1,11,5,810,1032,735,202,155,2,27,1038,3,33,Not Delayed 
2002,1,14,1,810,1032,735,202,175,2,27,1038,5,35,Delayed
2002,1,15,2,810,1032,735,202,169,2,27,1038,5,38,Delayed
2002,1,16,3,810,1032,735,202,183,2,27,1038,5,23,Delayed
2002,1,17,4,810,1032,735,202,188,2,27,1038,3,44,Delayed
2002,1,18,5,810,1032,735,202,196,2,27,1038,6,27,Delayed
2002,1,21,1,810,1032,735,202,170,2,27,1038,6,51,Delayed
2002,1,22,2,810,1032,735,202,174,2,27,1038,3,23,Not Delayed 
2002,1,23,3,810,1032,735,202,185,2,27,1038,4,38,Delayed
2002,1,24,4,810,1032,735,202,206,2,27,1038,7,44,Delayed
2002,1,25,5,810,1032,735,202,168,2,27,1038,3,16,Not Delayed 
2002,1,28,1,810,1032,735,202,167,2,27,1038,5,30,Delayed
2002,1,29,2,810,1032,735,202,168,2,27,1038,4,50,Delayed
2002,1,31,4,810,1032,735,202,165,2,27,1038,5,47,Delayed
2002,1,1,2,600,715,735,75,53,228,2,257,6,20,Not Delayed 
2002,1,2,3,600,715,735,75,57,228,2,257,5,22,Delayed
2002,1,3,4,600,715,735,75,54,228,2,257,3,19,Not Delayed 
2002,1,4,5,600,715,735,75,57,228,2,257,5,20,Not Delayed 
2002,1,5,6,600,715,735,75,55,228,2,257,3,14,Not Delayed 
2002,1,6,7,600,720,735,80,54,228,2,257,5,17,Not Delayed 
2002,1,7,1,600,720,735,80,55,228,2,257,5,51,Delayed
2002,1,8,2,600,720,735,80,53,228,2,257,3,29,Not Delayed 
2002,1,9,3,600,720,735,80,53,228,2,257,5,11,Not Delayed 
2002,1,10,4,600,720,735,80,56,228,2,257,7,13,Not Delayed 
2002,1,11,5,600,720,735,80,69,228,2,257,10,25,Delayed
2002,1,12,6,600,720,735,80,49,228,2,257,6,11,Not Delayed 
2002,1,13,7,600,720,735,80,52,228,2,257,8,19,Not Delayed 
2002,1,14,1,600,720,735,80,53,228,2,257,10,21,Delayed
2002,1,15,2,600,720,735,80,53,228,2,257,11,17,Not Delayed 
2002,1,16,3,600,720,735,80,49,228,2,257,5,24,Not Delayed 
2002,1,17,4,600,720,735,80,57,228,2,257,5,30,Delayed
2002,1,18,5,600,720,735,80,56,228,2,257,2,13,Not Delayed 
2002,1,19,6,600,720,735,80,50,228,2,257,14,13,Not Delayed 
2002,1,20,7,600,720,735,80,43,228,2,257,37,23,Delayed
2002,1,21,1,600,720,735,80,55,228,2,257,13,10,Not Delayed 
2002,1,22,2,600,720,735,80,51,228,2,257,6,13,Not Delayed 
2002,1,23,3,600,720,735,80,64,228,2,257,2,10,Not Delayed 
2002,1,24,4,600,720,735,80,59,228,2,257,3,14,Delayed
2002,1,25,5,600,720,735,80,53,228,2,257,13,19,Delayed
2002,1,26,6,600,720,735,80,59,228,2,257,5,13,Not Delayed 
2002,1,27,7,600,720,735,80,51,228,2,257,26,14,Delayed
2002,1,28,1,600,720,735,80,56,228,2,257,34,14,Delayed
2002,1,29,2,600,720,735,80,54,228,2,257,4,12,Not Delayed 
2002,1,30,3,600,720,735,80,46,228,2,257,3,42,Delayed
2002,1,31,4,600,720,735,80,62,228,2,257,8,27,Delayed
2002,1,1,2,2145,2241,738,56,32,2,50,134,7,11,Not Delayed 
2002,1,2,3,2145,2241,738,56,35,2,50,134,5,17,Not Delayed 
2002,1,3,4,2145,2241,738,56,35,2,50,134,4,10,Not Delayed 
2002,1,4,5,2145,2241,738,56,31,2,50,134,3,14,Not Delayed 
2002,1,1,2,730,1516,740,286,258,17,1,2254,4,19,Not Delayed 
2002,1,2,3,730,1516,740,286,261,17,1,2254,8,19,Delayed
2002,1,3,4,730,1516,740,286,267,17,1,2254,8,9,Not Delayed 
2002,1,4,5,730,1516,740,286,256,17,1,2254,8,20,Not Delayed 
2002,1,5,6,730,1516,740,286,257,17,1,2254,7,10,Not Delayed 
2002,1,6,7,730,1508,740,278,270,17,1,2254,10,21,Delayed
2002,1,7,1,730,1508,740,278,268,17,1,2254,8,11,Delayed
2002,1,8,2,730,1508,740,278,244,17,1,2254,5,12,Not Delayed 
2002,1,9,3,730,1508,740,278,235,17,1,2254,6,10,Not Delayed 
2002,1,10,4,730,1508,740,278,250,17,1,2254,10,12,Not Delayed 
2002,1,11,5,730,1508,740,278,270,17,1,2254,8,13,Delayed
2002,1,12,6,730,1508,740,278,250,17,1,2254,11,12,Not Delayed 
2002,1,13,7,730,1508,740,278,250,17,1,2254,8,19,Not Delayed 
2002,1,14,1,730,1508,740,278,237,17,1,2254,9,12,Not Delayed 
2002,1,15,2,730,1508,740,278,226,17,1,2254,6,13,Not Delayed 
2002,1,16,3,730,1508,740,278,237,17,1,2254,7,19,Not Delayed 
2002,1,17,4,730,1508,740,278,229,17,1,2254,8,16,Not Delayed 
2002,1,18,5,730,1508,740,278,229,17,1,2254,6,14,Not Delayed 
2002,1,19,6,730,1508,740,278,242,17,1,2254,7,10,Not Delayed 
2002,1,20,7,730,1508,740,278,246,17,1,2254,5,9,Not Delayed 
2002,1,21,1,730,1508,740,278,241,17,1,2254,11,12,Not Delayed 
2002,1,22,2,730,1508,740,278,239,17,1,2254,6,12,Not Delayed 
2002,1,23,3,730,1508,740,278,240,17,1,2254,4,13,Not Delayed 
2002,1,24,4,730,1508,740,278,252,17,1,2254,6,12,Not Delayed 
2002,1,25,5,730,1508,740,278,243,17,1,2254,7,10,Not Delayed 
2002,1,26,6,730,1508,740,278,231,17,1,2254,4,20,Not Delayed 
2002,1,27,7,730,1508,740,278,239,17,1,2254,9,18,Not Delayed 
2002,1,28,1,730,1508,740,278,228,17,1,2254,6,14,Not Delayed 
2002,1,29,2,730,1508,740,278,230,17,1,2254,5,19,Not Delayed 
2002,1,30,3,730,1508,740,278,233,17,1,2254,13,12,Not Delayed 
2002,1,31,4,730,1508,740,278,250,17,1,2254,6,13,Not Delayed 
2002,1,1,2,1745,2013,741,328,292,1,17,2254,5,14,Not Delayed 
2002,1,2,3,1745,2013,741,328,272,1,17,2254,8,10,Delayed
2002,1,3,4,1745,2013,741,328,278,1,17,2254,7,16,Delayed
2002,1,4,5,1745,2013,741,328,297,1,17,2254,5,10,Delayed
2002,1,6,7,1745,2016,741,331,282,1,17,2254,10,28,Delayed
2002,1,7,1,1745,2016,741,331,286,1,17,2254,8,30,Delayed
2002,1,8,2,1745,2016,741,331,314,1,17,2254,6,17,Delayed
2002,1,9,3,1745,2016,741,331,327,1,17,2254,6,14,Delayed
2002,1,10,4,1745,2016,741,331,290,1,17,2254,9,12,Not Delayed 
2002,1,11,5,1745,2016,741,331,282,1,17,2254,7,17,Not Delayed 
2002,1,12,6,1745,2016,741,331,327,1,17,2254,14,18,Delayed
2002,1,13,7,1745,2016,741,331,306,1,17,2254,7,12,Delayed
2002,1,14,1,1745,2016,741,331,316,1,17,2254,6,12,Delayed
2002,1,15,2,1745,2016,741,331,335,1,17,2254,7,13,Delayed
2002,1,16,3,1745,2016,741,331,327,1,17,2254,10,15,Delayed
2002,1,17,4,1745,2016,741,331,325,1,17,2254,8,15,Delayed
2002,1,18,5,1745,2016,741,331,309,1,17,2254,7,16,Delayed
2002,1,19,6,1745,2016,741,331,312,1,17,2254,5,34,Delayed
2002,1,20,7,1745,2016,741,331,316,1,17,2254,8,12,Delayed
2002,1,21,1,1745,2016,741,331,326,1,17,2254,7,13,Delayed
2002,1,22,2,1745,2016,741,331,312,1,17,2254,9,14,Delayed
2002,1,23,3,1745,2016,741,331,313,1,17,2254,7,17,Delayed
2002,1,24,4,1745,2016,741,331,308,1,17,2254,7,15,Delayed
2002,1,25,5,1745,2016,741,331,300,1,17,2254,8,13,Delayed
2002,1,26,6,1745,2016,741,331,307,1,17,2254,5,19,Delayed
2002,1,27,7,1745,2016,741,331,324,1,17,2254,10,17,Delayed
2002,1,28,1,1745,2016,741,331,349,1,17,2254,10,19,Delayed
2002,1,29,2,1745,2016,741,331,332,1,17,2254,8,16,Delayed
2002,1,31,4,1745,2016,741,331,303,1,17,2254,7,18,Delayed
2002,1,1,2,1900,2015,743,75,57,29,1,304,6,10,Not Delayed 
2002,1,2,3,1900,2015,743,75,48,29,1,304,6,17,Not Delayed 
2002,1,3,4,1900,2015,743,75,51,29,1,304,8,22,Delayed
2002,1,4,5,1900,2015,743,75,55,29,1,304,7,16,Not Delayed 
2002,1,1,2,2055,2156,743,61,36,1,30,215,5,18,Not Delayed 
2002,1,2,3,2055,2156,743,61,41,1,30,215,4,11,Not Delayed 
2002,1,3,4,2055,2156,743,61,35,1,30,215,8,12,Delayed
2002,1,4,5,2055,2156,743,61,42,1,30,215,6,19,Delayed
2002,1,5,6,2055,2156,743,61,41,1,30,215,5,13,Not Delayed 
2002,1,6,7,2055,2158,743,63,42,1,30,215,5,25,Delayed
2002,1,7,1,2055,2158,743,63,35,1,30,215,5,28,Delayed
2002,1,8,2,2055,2158,743,63,40,1,30,215,4,16,Not Delayed 
2002,1,9,3,2055,2158,743,63,44,1,30,215,6,18,Delayed
2002,1,10,4,2055,2158,743,63,43,1,30,215,5,12,Not Delayed 
2002,1,11,5,2055,2158,743,63,38,1,30,215,6,15,Not Delayed 
2002,1,12,6,2055,2158,743,63,38,1,30,215,7,21,Not Delayed 
2002,1,13,7,2055,2158,743,63,40,1,30,215,5,13,Not Delayed 
2002,1,14,1,2055,2158,743,63,39,1,30,215,6,14,Delayed
2002,1,15,2,2055,2158,743,63,42,1,30,215,6,27,Delayed
2002,1,16,3,2055,2158,743,63,43,1,30,215,6,13,Not Delayed 
2002,1,17,4,2055,2158,743,63,40,1,30,215,7,14,Not Delayed 
2002,1,18,5,2055,2158,743,63,42,1,30,215,5,14,Not Delayed 
2002,1,19,6,2055,2158,743,63,39,1,30,215,4,15,Delayed
2002,1,20,7,2055,2158,743,63,39,1,30,215,7,13,Not Delayed 
2002,1,21,1,2055,2158,743,63,41,1,30,215,5,12,Not Delayed 
2002,1,22,2,2055,2158,743,63,39,1,30,215,7,19,Delayed
2002,1,23,3,2055,2158,743,63,39,1,30,215,4,15,Not Delayed 
2002,1,24,4,2055,2158,743,63,42,1,30,215,6,11,Not Delayed 
2002,1,25,5,2055,2158,743,63,37,1,30,215,6,18,Not Delayed 
2002,1,26,6,2055,2158,743,63,39,1,30,215,5,13,Not Delayed 
2002,1,27,7,2055,2158,743,63,40,1,30,215,6,15,Not Delayed 
2002,1,28,1,2055,2158,743,63,37,1,30,215,5,14,Not Delayed 
2002,1,29,2,2055,2158,743,63,54,1,30,215,7,19,Delayed
2002,1,30,3,2055,2158,743,63,47,1,30,215,6,17,Delayed
2002,1,31,4,2055,2158,743,63,46,1,30,215,7,13,Not Delayed 
2002,1,6,7,1840,2000,743,80,57,19,1,328,8,19,Delayed
2002,1,7,1,1840,2000,743,80,61,19,1,328,7,7,Not Delayed 
2002,1,8,2,1840,2000,743,80,57,19,1,328,7,15,Delayed
2002,1,9,3,1840,2000,743,80,68,19,1,328,5,10,Not Delayed 
2002,1,10,4,1840,2000,743,80,54,19,1,328,7,10,Not Delayed 
2002,1,11,5,1840,2000,743,80,58,19,1,328,9,8,Not Delayed 
2002,1,13,7,1840,2000,743,80,58,19,1,328,6,11,Not Delayed 
2002,1,14,1,1840,2000,743,80,50,19,1,328,5,7,Delayed
2002,1,15,2,1840,2000,743,80,63,19,1,328,7,9,Not Delayed 
2002,1,16,3,1840,2000,743,80,61,19,1,328,8,8,Delayed
2002,1,17,4,1840,2000,743,80,55,19,1,328,8,8,Not Delayed 
2002,1,18,5,1840,2000,743,80,56,19,1,328,6,11,Not Delayed 
2002,1,20,7,1840,2000,743,80,50,19,1,328,8,14,Not Delayed 
2002,1,21,1,1840,2000,743,80,54,19,1,328,7,9,Delayed
2002,1,22,2,1840,2000,743,80,59,19,1,328,7,9,Delayed
2002,1,23,3,1840,2000,743,80,57,19,1,328,4,34,Delayed
2002,1,24,4,1840,2000,743,80,55,19,1,328,6,7,Delayed
2002,1,25,5,1840,2000,743,80,52,19,1,328,7,17,Not Delayed 
2002,1,27,7,1840,2000,743,80,56,19,1,328,7,9,Not Delayed 
2002,1,28,1,1840,2000,743,80,56,19,1,328,7,9,Not Delayed 
2002,1,29,2,1840,2000,743,80,55,19,1,328,7,10,Not Delayed 
2002,1,30,3,1840,2000,743,80,62,19,1,328,6,18,Delayed
2002,1,31,4,1840,2000,743,80,52,19,1,328,6,13,Delayed
2002,1,1,2,700,1047,744,167,138,31,1,1117,3,10,Not Delayed 
2002,1,2,3,700,1047,744,167,135,31,1,1117,6,11,Not Delayed 
2002,1,3,4,700,1047,744,167,140,31,1,1117,6,10,Not Delayed 
2002,1,4,5,700,1047,744,167,165,31,1,1117,8,17,Delayed
2002,1,5,6,700,1047,744,167,134,31,1,1117,5,15,Not Delayed 
2002,1,6,7,700,1042,744,162,146,31,1,1117,10,10,Not Delayed 
2002,1,7,1,700,1042,744,162,148,31,1,1117,6,9,Not Delayed 
2002,1,8,2,700,1042,744,162,166,31,1,1117,10,8,Delayed
2002,1,9,3,700,1042,744,162,158,31,1,1117,4,10,Delayed
2002,1,10,4,700,1042,744,162,155,31,1,1117,8,15,Delayed
2002,1,11,5,700,1042,744,162,142,31,1,1117,4,18,Delayed
2002,1,12,6,700,1042,744,162,134,31,1,1117,5,13,Not Delayed 
2002,1,13,7,700,1042,744,162,138,31,1,1117,6,12,Not Delayed 
2002,1,14,1,700,1042,744,162,125,31,1,1117,5,10,Not Delayed 
2002,1,15,2,700,1042,744,162,148,31,1,1117,7,13,Delayed
2002,1,16,3,700,1042,744,162,136,31,1,1117,6,9,Not Delayed 
2002,1,17,4,700,1042,744,162,132,31,1,1117,6,17,Not Delayed 
2002,1,18,5,700,1042,744,162,138,31,1,1117,5,12,Not Delayed 
2002,1,19,6,700,1042,744,162,118,31,1,1117,11,10,Not Delayed 
2002,1,20,7,700,1042,744,162,128,31,1,1117,8,10,Not Delayed 
2002,1,21,1,700,1042,744,162,142,31,1,1117,6,11,Not Delayed 
2002,1,22,2,700,1042,744,162,131,31,1,1117,6,16,Not Delayed 
2002,1,23,3,700,1042,744,162,132,31,1,1117,6,20,Not Delayed 
2002,1,24,4,700,1042,744,162,130,31,1,1117,4,8,Not Delayed 
2002,1,25,5,700,1042,744,162,147,31,1,1117,7,19,Delayed
2002,1,26,6,700,1042,744,162,140,31,1,1117,5,9,Not Delayed 
2002,1,27,7,700,1042,744,162,157,31,1,1117,6,10,Delayed
2002,1,28,1,700,1042,744,162,153,31,1,1117,7,15,Delayed
2002,1,29,2,700,1042,744,162,143,31,1,1117,5,13,Not Delayed 
2002,1,30,3,700,1042,744,162,166,31,1,1117,5,11,Delayed
2002,1,31,4,700,1042,744,162,140,31,1,1117,3,8,Not Delayed 
2002,1,1,2,1130,1311,744,101,67,1,14,496,5,11,Not Delayed 
2002,1,2,3,1130,1311,744,101,69,1,14,496,8,13,Not Delayed 
2002,1,3,4,1130,1311,744,101,72,1,14,496,4,10,Not Delayed 
2002,1,4,5,1130,1311,744,101,74,1,14,496,8,16,Delayed
2002,1,5,6,1130,1311,744,101,63,1,14,496,9,10,Not Delayed 
2002,1,6,7,1130,1307,744,97,66,1,14,496,11,43,Delayed
2002,1,7,1,1130,1307,744,97,78,1,14,496,6,26,Delayed
2002,1,8,2,1130,1307,744,97,70,1,14,496,7,13,Not Delayed 
2002,1,10,4,1130,1307,744,97,67,1,14,496,6,14,Not Delayed 
2002,1,11,5,1130,1307,744,97,68,1,14,496,4,10,Not Delayed 
2002,1,12,6,1130,1307,744,97,69,1,14,496,5,10,Not Delayed 
2002,1,13,7,1130,1307,744,97,111,1,14,496,7,11,Delayed
2002,1,14,1,1130,1307,744,97,66,1,14,496,5,16,Not Delayed 
2002,1,15,2,1130,1307,744,97,65,1,14,496,15,11,Not Delayed 
2002,1,16,3,1130,1307,744,97,68,1,14,496,7,11,Not Delayed 
2002,1,17,4,1130,1307,744,97,69,1,14,496,4,9,Not Delayed 
2002,1,18,5,1130,1307,744,97,68,1,14,496,5,13,Delayed
2002,1,19,6,1130,1307,744,97,58,1,14,496,5,15,Not Delayed 
2002,1,20,7,1130,1307,744,97,65,1,14,496,5,9,Not Delayed 
2002,1,21,1,1130,1307,744,97,62,1,14,496,6,9,Not Delayed 
2002,1,22,2,1130,1307,744,97,65,1,14,496,10,13,Not Delayed 
2002,1,23,3,1130,1307,744,97,73,1,14,496,6,14,Not Delayed 
2002,1,24,4,1130,1307,744,97,68,1,14,496,8,8,Not Delayed 
2002,1,25,5,1130,1307,744,97,66,1,14,496,5,11,Not Delayed 
2002,1,26,6,1130,1307,744,97,62,1,14,496,5,12,Not Delayed 
2002,1,27,7,1130,1307,744,97,69,1,14,496,7,8,Not Delayed 
2002,1,28,1,1130,1307,744,97,65,1,14,496,6,14,Delayed
2002,1,29,2,1130,1307,744,97,62,1,14,496,5,12,Not Delayed 
2002,1,30,3,1130,1307,744,97,71,1,14,496,7,18,Delayed
2002,2,5,2,1135,1232,710,57,37,1,32,205,3,16,Not Delayed 
2002,2,6,3,1135,1232,710,57,34,1,32,205,5,12,Not Delayed 
2002,2,7,4,1135,1232,710,57,39,1,32,205,2,17,Delayed
2002,2,8,5,1135,1232,710,57,38,1,32,205,5,21,Delayed
2002,2,9,6,1135,1232,710,57,36,1,32,205,4,17,Not Delayed 
2002,2,11,1,1135,1232,710,57,36,1,32,205,3,17,Not Delayed 
2002,2,12,2,1135,1232,710,57,33,1,32,205,7,18,Not Delayed 
2002,2,13,3,1135,1232,710,57,37,1,32,205,4,21,Delayed
2002,2,14,4,1135,1232,710,57,41,1,32,205,8,17,Delayed
2002,2,15,5,1135,1232,710,57,37,1,32,205,4,22,Delayed
2002,2,16,6,1135,1232,710,57,37,1,32,205,4,13,Delayed
2002,2,17,7,1135,1232,710,57,35,1,32,205,3,20,Delayed
2002,2,18,1,1135,1232,710,57,38,1,32,205,3,20,Not Delayed 
2002,2,19,2,1135,1232,710,57,37,1,32,205,5,17,Delayed
2002,2,20,3,1135,1232,710,57,39,1,32,205,5,18,Delayed
2002,2,21,4,1135,1232,710,57,35,1,32,205,4,17,Delayed
2002,2,22,5,1135,1232,710,57,41,1,32,205,4,22,Delayed
2002,2,23,6,1135,1232,710,57,42,1,32,205,4,21,Delayed
2002,2,24,7,1135,1232,710,57,44,1,32,205,2,15,Delayed
2002,2,25,1,1135,1232,710,57,40,1,32,205,5,19,Delayed
2002,2,26,2,1135,1232,710,57,35,1,32,205,7,13,Not Delayed 
2002,2,27,3,1135,1232,710,57,36,1,32,205,5,17,Not Delayed 
2002,2,28,4,1135,1232,710,57,40,1,32,205,7,24,Delayed
2002,2,1,5,710,855,711,105,99,12,2,587,9,15,Delayed
2002,2,2,6,710,855,711,105,82,12,2,587,26,10,Delayed
2002,2,3,7,715,900,711,105,80,12,2,587,3,7,Not Delayed 
2002,2,4,1,715,900,711,105,81,12,2,587,4,11,Not Delayed 
2002,2,5,2,715,900,711,105,87,12,2,587,4,22,Delayed
2002,2,6,3,715,900,711,105,100,12,2,587,4,8,Delayed
2002,2,7,4,715,900,711,105,103,12,2,587,5,13,Delayed
2002,2,8,5,715,900,711,105,85,12,2,587,2,30,Delayed
2002,2,9,6,715,900,711,105,96,12,2,587,4,16,Delayed
2002,2,10,7,715,900,711,105,81,12,2,587,12,9,Not Delayed 
2002,2,11,1,715,900,711,105,96,12,2,587,9,13,Delayed
2002,2,12,2,715,900,711,105,98,12,2,587,7,11,Delayed
2002,2,13,3,715,900,711,105,85,12,2,587,4,13,Not Delayed 
2002,2,14,4,715,900,711,105,85,12,2,587,8,19,Delayed
2002,2,15,5,715,900,711,105,90,12,2,587,3,16,Not Delayed 
2002,2,16,6,715,900,711,105,86,12,2,587,9,10,Not Delayed 
2002,2,17,7,715,900,711,105,87,12,2,587,5,12,Not Delayed 
2002,2,18,1,715,900,711,105,101,12,2,587,6,14,Delayed
2002,2,19,2,715,900,711,105,84,12,2,587,5,17,Not Delayed 
2002,2,20,3,715,900,711,105,93,12,2,587,3,12,Delayed
2002,2,21,4,715,900,711,105,105,12,2,587,9,14,Delayed
2002,2,22,5,715,900,711,105,92,12,2,587,4,17,Delayed
2002,2,23,6,715,900,711,105,84,12,2,587,7,10,Not Delayed 
2002,2,24,7,715,900,711,105,97,12,2,587,5,13,Delayed
2002,2,25,1,715,900,711,105,88,12,2,587,3,14,Not Delayed 
2002,2,26,2,715,900,711,105,94,12,2,587,5,22,Delayed
2002,2,27,3,715,900,711,105,80,12,2,587,15,80,Delayed
2002,2,28,4,715,900,711,105,97,12,2,587,9,19,Delayed
2002,2,1,5,945,1052,711,67,37,2,11,238,5,35,Delayed
2002,2,2,6,945,1052,711,67,42,2,11,238,4,12,Not Delayed 
2002,2,3,7,945,1052,711,67,45,2,11,238,3,11,Not Delayed 
2002,2,4,1,945,1052,711,67,41,2,11,238,6,17,Not Delayed 
2002,2,5,2,945,1052,711,67,45,2,11,238,4,38,Delayed
2002,2,6,3,945,1052,711,67,46,2,11,238,4,20,Delayed
2002,2,7,4,945,1052,711,67,42,2,11,238,3,10,Not Delayed 
2002,2,8,5,945,1052,711,67,43,2,11,238,3,16,Not Delayed 
2002,2,9,6,945,1052,711,67,41,2,11,238,5,42,Delayed
2002,2,10,7,945,1052,711,67,41,2,11,238,5,13,Not Delayed 
2002,2,11,1,945,1052,711,67,46,2,11,238,3,10,Delayed
2002,2,12,2,945,1052,711,67,42,2,11,238,4,26,Delayed
2002,2,13,3,945,1052,711,67,45,2,11,238,4,20,Not Delayed 
2002,2,14,4,945,1052,711,67,45,2,11,238,4,22,Not Delayed 
2002,2,15,5,945,1052,711,67,46,2,11,238,5,25,Delayed
2002,2,16,6,945,1052,711,67,43,2,11,238,4,14,Not Delayed 
2002,2,17,7,945,1052,711,67,43,2,11,238,5,20,Not Delayed 
2002,2,18,1,945,1052,711,67,46,2,11,238,4,20,Delayed
2002,2,19,2,945,1052,711,67,46,2,11,238,5,18,Delayed
2002,2,20,3,945,1052,711,67,50,2,11,238,3,16,Not Delayed 
2002,2,21,4,945,1052,711,67,39,2,11,238,5,32,Delayed
2002,2,22,5,945,1052,711,67,41,2,11,238,4,33,Delayed
2002,2,23,6,945,1052,711,67,42,2,11,238,5,18,Delayed
2002,2,24,7,945,1052,711,67,38,2,11,238,5,29,Delayed
2002,2,25,1,945,1052,711,67,41,2,11,238,5,24,Delayed
2002,2,26,2,945,1052,711,67,43,2,11,238,3,37,Delayed
2002,2,27,3,945,1052,711,67,38,2,11,238,3,33,Delayed
2002,2,28,4,945,1052,711,67,42,2,11,238,6,31,Delayed
2002,2,1,5,2100,2135,712,95,72,1,33,431,3,14,Not Delayed 
2002,2,2,6,2100,2135,712,95,77,1,33,431,4,11,Delayed
2002,2,1,5,1830,2009,712,99,86,11,1,467,5,12,Delayed
2002,2,2,6,1830,2009,712,99,84,11,1,467,3,8,Not Delayed 
2002,2,3,7,1830,2009,712,99,84,11,1,467,9,11,Delayed
2002,2,4,1,1830,2009,712,99,75,11,1,467,7,9,Not Delayed 
2002,2,5,2,1830,2009,712,99,84,11,1,467,7,19,Delayed
2002,2,6,3,1830,2009,712,99,72,11,1,467,7,11,Not Delayed 
2002,2,7,4,1830,2009,712,99,71,11,1,467,9,21,Delayed
2002,2,8,5,1830,2009,712,99,86,11,1,467,9,12,Delayed
2002,2,9,6,1830,2009,712,99,85,11,1,467,5,10,Not Delayed 
2002,2,10,7,1830,2009,712,99,89,11,1,467,8,11,Delayed
2002,2,11,1,1830,2009,712,99,70,11,1,467,8,12,Not Delayed 
2002,2,12,2,1830,2009,712,99,83,11,1,467,3,10,Delayed
2002,2,13,3,1830,2009,712,99,77,11,1,467,8,11,Not Delayed 
2002,2,14,4,1830,2009,712,99,71,11,1,467,7,13,Not Delayed 
2002,2,15,5,1830,2009,712,99,80,11,1,467,8,9,Not Delayed 
2002,2,16,6,1830,2009,712,99,74,11,1,467,5,8,Delayed
2002,2,17,7,1830,2009,712,99,72,11,1,467,6,10,Not Delayed 
2002,2,18,1,1830,2009,712,99,75,11,1,467,9,11,Not Delayed 
2002,2,19,2,1830,2009,712,99,73,11,1,467,8,12,Delayed
2002,2,20,3,1830,2009,712,99,104,11,1,467,6,10,Delayed
2002,2,21,4,1830,2009,712,99,72,11,1,467,6,11,Delayed
2002,2,22,5,1830,2009,712,99,77,11,1,467,11,13,Not Delayed 
2002,2,23,6,1830,2009,712,99,73,11,1,467,7,13,Delayed
2002,2,24,7,1830,2009,712,99,79,11,1,467,6,11,Not Delayed 
2002,2,25,1,1830,2009,712,99,74,11,1,467,3,10,Not Delayed 
2002,2,26,2,1830,2009,712,99,82,11,1,467,6,9,Not Delayed 
2002,2,27,3,1830,2009,712,99,74,11,1,467,5,12,Not Delayed 
2002,2,28,4,1830,2009,712,99,85,11,1,467,8,8,Delayed
2002,2,2,6,1205,1308,714,123,90,3,9,599,4,11,Not Delayed 
2002,2,4,1,1205,1308,714,123,114,3,9,599,9,29,Delayed
2002,2,5,2,1205,1308,714,123,94,3,9,599,3,14,Not Delayed 
2002,2,6,3,1205,1308,714,123,94,3,9,599,3,12,Not Delayed 
2002,2,7,4,1205,1308,714,123,91,3,9,599,5,18,Not Delayed 
2002,2,8,5,1205,1308,714,123,92,3,9,599,3,13,Not Delayed 
2002,2,9,6,1205,1308,714,123,88,3,9,599,3,16,Not Delayed 
2002,2,11,1,1205,1308,714,123,94,3,9,599,7,18,Not Delayed 
2002,2,12,2,1205,1308,714,123,96,3,9,599,4,8,Not Delayed 
2002,2,13,3,1205,1308,714,123,95,3,9,599,4,12,Not Delayed 
2002,2,14,4,1205,1308,714,123,94,3,9,599,5,17,Not Delayed 
2002,2,15,5,1205,1308,714,123,91,3,9,599,3,11,Not Delayed 
2002,2,16,6,1205,1308,714,123,113,3,9,599,4,9,Not Delayed 
2002,2,18,1,1205,1308,714,123,95,3,9,599,6,9,Not Delayed 
2002,2,19,2,1205,1308,714,123,116,3,9,599,5,18,Delayed
2002,2,20,3,1205,1308,714,123,91,3,9,599,6,14,Delayed
2002,2,21,4,1205,1308,714,123,96,3,9,599,3,27,Delayed
2002,2,22,5,1205,1308,714,123,93,3,9,599,7,7,Not Delayed 
2002,2,23,6,1205,1308,714,123,88,3,9,599,4,12,Not Delayed 
2002,2,25,1,1205,1308,714,123,92,3,9,599,8,20,Not Delayed 
2002,2,26,2,1205,1308,714,123,95,3,9,599,5,15,Not Delayed 
2002,2,28,4,1205,1308,714,123,96,3,9,599,4,13,Not Delayed 
2002,2,1,5,920,1113,714,113,91,34,3,590,21,16,Delayed
2002,2,2,6,920,1113,714,113,100,34,3,590,13,14,Delayed
2002,2,3,7,920,1113,714,113,100,34,3,590,10,11,Delayed
2002,2,4,1,920,1113,714,113,98,34,3,590,4,15,Delayed
2002,2,5,2,920,1113,714,113,95,34,3,590,6,14,Not Delayed 
2002,2,6,3,920,1113,714,113,103,34,3,590,6,12,Delayed
2002,2,7,4,920,1113,714,113,94,34,3,590,18,11,Delayed
2002,2,8,5,920,1113,714,113,87,34,3,590,6,15,Not Delayed 
2002,2,9,6,920,1113,714,113,95,34,3,590,5,11,Not Delayed 
2002,2,10,7,920,1113,714,113,89,34,3,590,8,15,Delayed
2002,2,11,1,920,1113,714,113,88,34,3,590,6,10,Not Delayed 
2002,2,12,2,920,1113,714,113,92,34,3,590,5,12,Not Delayed 
2002,2,13,3,920,1113,714,113,95,34,3,590,4,15,Not Delayed 
2002,2,14,4,920,1113,714,113,87,34,3,590,5,17,Not Delayed 
2002,2,15,5,920,1113,714,113,96,34,3,590,5,14,Delayed
2002,2,16,6,920,1113,714,113,87,34,3,590,21,15,Delayed
2002,2,17,7,920,1113,714,113,95,34,3,590,5,16,Not Delayed 
2002,2,18,1,920,1113,714,113,96,34,3,590,5,14,Not Delayed 
2002,2,19,2,920,1113,714,113,95,34,3,590,4,11,Not Delayed 
2002,2,20,3,920,1113,714,113,99,34,3,590,4,14,Delayed
2002,2,21,4,920,1113,714,113,87,34,3,590,10,12,Not Delayed 
2002,2,22,5,920,1113,714,113,79,34,3,590,13,13,Not Delayed 
2002,2,23,6,920,1113,714,113,85,34,3,590,8,11,Not Delayed 
2002,2,24,7,920,1113,714,113,100,34,3,590,10,11,Delayed
2002,2,25,1,920,1113,714,113,93,34,3,590,10,11,Not Delayed 
2002,2,26,2,920,1113,714,113,86,34,3,590,5,10,Not Delayed 
2002,2,27,3,920,1113,714,113,88,34,3,590,13,12,Delayed
2002,2,28,4,920,1113,714,113,83,34,3,590,6,14,Not Delayed 
2002,2,1,5,1715,1807,715,52,28,3,35,156,4,10,Delayed
2002,2,2,6,1715,1807,715,52,32,3,35,156,6,23,Delayed
2002,2,3,7,1715,1807,715,52,27,3,35,156,3,20,Not Delayed 
2002,2,4,1,1715,1807,715,52,30,3,35,156,4,14,Not Delayed 
2002,2,5,2,1715,1807,715,52,30,3,35,156,3,18,Not Delayed 
2002,2,6,3,1715,1807,715,52,31,3,35,156,3,16,Not Delayed 
2002,2,7,4,1715,1807,715,52,36,3,35,156,4,13,Delayed
2002,2,8,5,1715,1807,715,52,30,3,35,156,5,21,Not Delayed 
2002,2,9,6,1715,1807,715,52,30,3,35,156,4,15,Delayed
2002,2,10,7,1715,1807,715,52,29,3,35,156,4,23,Delayed
2002,2,11,1,1715,1807,715,52,32,3,35,156,3,18,Not Delayed 
2002,2,12,2,1715,1807,715,52,31,3,35,156,5,16,Not Delayed 
2002,2,13,3,1715,1807,715,52,31,3,35,156,5,18,Not Delayed 
2002,2,14,4,1715,1807,715,52,29,3,35,156,4,19,Delayed
2002,2,15,5,1715,1807,715,52,29,3,35,156,4,23,Not Delayed 
2002,2,16,6,1715,1807,715,52,30,3,35,156,6,14,Not Delayed 
2002,2,17,7,1715,1807,715,52,28,3,35,156,3,26,Delayed
2002,2,18,1,1715,1807,715,52,32,3,35,156,3,19,Not Delayed 
2002,2,19,2,1715,1807,715,52,30,3,35,156,5,20,Not Delayed 
2002,2,20,3,1715,1807,715,52,29,3,35,156,5,22,Delayed
2002,2,21,4,1715,1807,715,52,28,3,35,156,3,9,Delayed
2002,2,22,5,1715,1807,715,52,31,3,35,156,5,23,Delayed
2002,2,23,6,1715,1807,715,52,34,3,35,156,2,22,Delayed
2002,2,24,7,1715,1807,715,52,32,3,35,156,3,19,Not Delayed 
2002,2,25,1,1715,1807,715,52,34,3,35,156,5,19,Not Delayed 
2002,2,26,2,1715,1807,715,52,30,3,35,156,4,26,Delayed
2002,2,27,3,1715,1807,715,52,33,3,35,156,3,38,Delayed
2002,2,28,4,1715,1807,715,52,27,3,35,156,5,22,Not Delayed 
2002,2,1,5,1000,1320,716,140,107,13,1,918,4,10,Not Delayed 
2002,2,2,6,1000,1320,716,140,125,13,1,918,6,9,Not Delayed 
2002,2,1,5,1405,1504,716,59,36,1,32,205,7,19,Delayed
2002,2,2,6,1405,1504,716,59,38,1,32,205,3,16,Not Delayed 
2002,2,3,7,1410,1509,716,59,36,1,32,205,11,14,Not Delayed 
2002,2,4,1,1410,1509,716,59,46,1,32,205,2,24,Delayed
2002,2,5,2,1410,1509,716,59,37,1,32,205,3,21,Delayed
2002,2,6,3,1410,1509,716,59,37,1,32,205,4,18,Not Delayed 
2002,2,7,4,1410,1509,716,59,44,1,32,205,3,15,Not Delayed 
2002,2,8,5,1410,1509,716,59,48,1,32,205,5,18,Delayed
2002,2,9,6,1410,1509,716,59,40,1,32,205,5,11,Delayed
2002,2,10,7,1410,1509,716,59,40,1,32,205,7,14,Not Delayed 
2002,2,11,1,1410,1509,716,59,37,1,32,205,4,18,Not Delayed 
2002,2,12,2,1410,1509,716,59,34,1,32,205,4,15,Not Delayed 
2002,2,13,3,1410,1509,716,59,35,1,32,205,2,16,Delayed
2002,2,14,4,1410,1509,716,59,41,1,32,205,4,16,Not Delayed 
2002,2,15,5,1410,1509,716,59,35,1,32,205,4,19,Not Delayed 
2002,2,16,6,1410,1509,716,59,38,1,32,205,3,20,Not Delayed 
2002,2,17,7,1410,1509,716,59,37,1,32,205,5,17,Not Delayed 
2002,2,18,1,1410,1509,716,59,37,1,32,205,2,13,Delayed
2002,2,19,2,1410,1509,716,59,36,1,32,205,5,14,Delayed
2002,2,20,3,1410,1509,716,59,37,1,32,205,4,21,Delayed
2002,2,21,4,1410,1509,716,59,41,1,32,205,2,17,Not Delayed 
2002,2,22,5,1410,1509,716,59,36,1,32,205,4,13,Not Delayed 
2002,2,23,6,1410,1509,716,59,38,1,32,205,2,19,Not Delayed 
2002,2,24,7,1410,1509,716,59,35,1,32,205,4,15,Not Delayed 
2002,2,25,1,1410,1509,716,59,33,1,32,205,5,16,Not Delayed 
2002,2,26,2,1410,1509,716,59,36,1,32,205,4,23,Delayed
2002,2,27,3,1410,1509,716,59,37,1,32,205,4,15,Not Delayed 
2002,2,28,4,1410,1509,716,59,39,1,32,205,3,22,Delayed
2002,2,1,5,1815,1957,718,102,63,39,1,319,4,74,Delayed
2002,2,2,6,1815,1957,718,102,65,39,1,319,6,15,Not Delayed 
2002,2,1,5,2246,29,719,103,66,3,15,544,4,14,Not Delayed 
2002,2,1,5,2042,2154,719,72,46,36,3,329,10,7,Delayed
2002,2,3,7,2040,2152,719,72,52,36,3,329,5,8,Not Delayed 
2002,2,4,1,2040,2152,719,72,63,36,3,329,5,10,Delayed
2002,2,5,2,2040,2152,719,72,60,36,3,329,5,11,Delayed
2002,2,6,3,2040,2152,719,72,55,36,3,329,5,10,Not Delayed 
2002,2,7,4,2040,2152,719,72,56,36,3,329,5,10,Not Delayed 
2002,2,8,5,2040,2152,719,72,54,36,3,329,3,7,Not Delayed 
2002,2,10,7,2040,2152,719,72,65,36,3,329,6,13,Delayed
2002,2,11,1,2040,2152,719,72,58,36,3,329,6,11,Not Delayed 
2002,2,12,2,2040,2152,719,72,55,36,3,329,3,12,Not Delayed 
2002,2,13,3,2040,2152,719,72,59,36,3,329,4,9,Not Delayed 
2002,2,14,4,2040,2152,719,72,55,36,3,329,7,12,Not Delayed 
2002,2,15,5,2040,2152,719,72,53,36,3,329,5,18,Delayed
2002,2,17,7,2040,2152,719,72,58,36,3,329,8,9,Delayed
2002,2,18,1,2040,2152,719,72,58,36,3,329,5,10,Not Delayed 
2002,2,19,2,2040,2152,719,72,55,36,3,329,5,6,Not Delayed 
2002,2,20,3,2040,2152,719,72,53,36,3,329,4,10,Not Delayed 
2002,2,21,4,2040,2152,719,72,52,36,3,329,6,8,Not Delayed 
2002,2,22,5,2040,2152,719,72,49,36,3,329,3,7,Delayed
2002,2,24,7,2040,2152,719,72,52,36,3,329,5,8,Not Delayed 
2002,2,25,1,2040,2152,719,72,52,36,3,329,6,7,Delayed
2002,2,26,2,2040,2152,719,72,53,36,3,329,4,9,Not Delayed 
2002,2,27,3,2040,2152,719,72,59,36,3,329,6,9,Not Delayed 
2002,2,28,4,2040,2152,719,72,58,36,3,329,5,11,Delayed
2002,2,1,5,2030,2140,720,70,48,12,1,325,7,13,Not Delayed 
2002,2,2,6,2030,2140,720,70,50,12,1,325,7,8,Not Delayed 
2002,2,3,7,2030,2140,720,70,46,12,1,325,7,9,Not Delayed 
2002,2,4,1,2030,2140,720,70,52,12,1,325,10,10,Delayed
2002,2,5,2,2030,2140,720,70,55,12,1,325,6,7,Not Delayed 
2002,2,6,3,2030,2140,720,70,53,12,1,325,7,10,Not Delayed 
2002,2,7,4,2030,2140,720,70,50,12,1,325,6,7,Delayed
2002,2,8,5,2030,2140,720,70,46,12,1,325,6,9,Not Delayed 
2002,2,9,6,2030,2140,720,70,46,12,1,325,11,10,Not Delayed 
2002,2,10,7,2030,2140,720,70,48,12,1,325,5,7,Not Delayed 
2002,2,11,1,2030,2140,720,70,47,12,1,325,11,9,Not Delayed 
2002,2,12,2,2030,2140,720,70,53,12,1,325,5,9,Not Delayed 
2002,2,13,3,2030,2140,720,70,48,12,1,325,6,8,Not Delayed 
2002,2,14,4,2030,2140,720,70,45,12,1,325,7,10,Not Delayed 
2002,2,15,5,2030,2140,720,70,53,12,1,325,5,8,Not Delayed 
2002,2,16,6,2030,2140,720,70,52,12,1,325,8,11,Not Delayed 
2002,2,17,7,2030,2140,720,70,61,12,1,325,7,17,Delayed
2002,2,18,1,2030,2140,720,70,50,12,1,325,8,9,Not Delayed 
2002,2,19,2,2030,2140,720,70,51,12,1,325,4,11,Not Delayed 
2002,2,20,3,2030,2140,720,70,52,12,1,325,11,13,Delayed
2002,2,21,4,2030,2140,720,70,65,12,1,325,5,10,Not Delayed 
2002,2,22,5,2030,2140,720,70,51,12,1,325,10,12,Not Delayed 
2002,2,23,6,2030,2140,720,70,50,12,1,325,6,9,Not Delayed 
2002,2,24,7,2030,2140,720,70,50,12,1,325,8,10,Not Delayed 
2002,2,25,1,2030,2140,720,70,50,12,1,325,7,15,Not Delayed 
2002,2,26,2,2030,2140,720,70,48,12,1,325,6,9,Not Delayed 
2002,2,27,3,2030,2140,720,70,56,12,1,325,8,10,Not Delayed 
2002,2,28,4,2030,2140,720,70,48,12,1,325,7,11,Delayed
2002,2,3,7,2225,2350,720,85,60,1,37,454,4,17,Not Delayed 
2002,2,4,1,2225,2350,720,85,75,1,37,454,5,17,Delayed
2002,2,5,2,2225,2350,720,85,66,1,37,454,4,14,Not Delayed 
2002,2,6,3,2225,2350,720,85,63,1,37,454,4,24,Delayed
2002,2,7,4,2225,2350,720,85,59,1,37,454,5,9,Delayed
2002,2,8,5,2225,2350,720,85,61,1,37,454,4,20,Not Delayed 
2002,2,9,6,2225,2350,720,85,59,1,37,454,2,10,Not Delayed 
2002,2,10,7,2225,2350,720,85,58,1,37,454,6,10,Not Delayed 
2002,2,11,1,2225,2350,720,85,61,1,37,454,3,16,Not Delayed 
2002,2,12,2,2225,2350,720,85,55,1,37,454,4,13,Delayed
2002,2,13,3,2225,2350,720,85,59,1,37,454,4,10,Not Delayed 
2002,2,14,4,2225,2350,720,85,59,1,37,454,3,14,Not Delayed 
2002,2,15,5,2225,2350,720,85,57,1,37,454,5,13,Not Delayed 
2002,2,16,6,2225,2350,720,85,61,1,37,454,3,32,Delayed
2002,2,17,7,2225,2350,720,85,73,1,37,454,5,17,Delayed
2002,2,18,1,2225,2350,720,85,65,1,37,454,3,11,Not Delayed 
2002,2,19,2,2225,2350,720,85,58,1,37,454,4,12,Not Delayed 
2002,2,20,3,2225,2350,720,85,58,1,37,454,3,16,Not Delayed 
2002,2,21,4,2225,2350,720,85,60,1,37,454,2,33,Delayed
2002,2,22,5,2225,2350,720,85,71,1,37,454,4,12,Not Delayed 
2002,2,23,6,2225,2350,720,85,63,1,37,454,4,13,Not Delayed 
2002,2,24,7,2225,2350,720,85,60,1,37,454,3,14,Not Delayed 
2002,2,25,1,2225,2350,720,85,58,1,37,454,5,16,Not Delayed 
2002,2,26,2,2225,2350,720,85,63,1,37,454,4,21,Not Delayed 
2002,2,27,3,2225,2350,720,85,61,1,37,454,3,12,Not Delayed 
2002,2,28,4,2225,2350,720,85,60,1,37,454,2,13,Not Delayed 
2002,2,1,5,2050,2141,721,51,26,3,19,130,6,10,Not Delayed 
2002,2,2,6,2050,2141,721,51,26,3,19,130,3,11,Not Delayed 
2002,2,3,7,2050,2141,721,51,28,3,19,130,3,13,Not Delayed 
2002,2,4,1,2050,2141,721,51,29,3,19,130,9,15,Delayed
2002,2,5,2,2050,2141,721,51,30,3,19,130,3,9,Not Delayed 
2002,2,6,3,2050,2141,721,51,31,3,19,130,4,15,Not Delayed 
2002,2,7,4,2050,2141,721,51,31,3,19,130,3,14,Not Delayed 
2002,2,8,5,2050,2141,721,51,29,3,19,130,5,13,Not Delayed 
2002,2,9,6,2050,2141,721,51,24,3,19,130,2,12,Not Delayed 
